Stud ,Sex,Birth Date,Sire,Dam,Location,Date,LocalID,Event,Name
1,Male,1973,WILD,WILD,M DIABO,NA,1,Capture,
NA,NA,NA,NA,NA,RIO PRIM,1973-11-01,29,Transfer,
NA,NA,NA,NA,NA,NA,1987-01-01,NA,Death,
NA,NA,NA,NA,NA,NA,NA,NA,[Death by Unknown means],
2,Female,????,WILD,WILD,M DIABO,1973-11-01,NA,Capture,
NA,NA,NA,NA,NA,RIO PRIM,1973-11-01,30,Transfer,
NA,NA,NA,NA,NA,NA,1979-04-01,NA,Death,
NA,NA,NA,NA,NA,NA,NA,NA,[Death by Unknown means],
3,Male,????,WILD,WILD,M DIABO,1973-11-25,NA,Capture,
NA,NA,NA,NA,NA,RIO PRIM,1973-11-25,31,Transfer,
NA,NA,NA,NA,NA,NA,1985-01-31,NA,Death,
NA,NA,NA,NA,NA,NA,NA,NA,[Death by Unknown means],
4,Female,????,WILD,WILD,M DIABO,1973-11-25,NA,Capture,
NA,NA,NA,NA,NA,RIO PRIM,1973-11-25,32,Transfer,
NA,NA,NA,NA,NA,NA,1990-07-20,NA,Death,
NA,NA,NA,NA,NA,NA,NA,NA,[Death by Other /Unknown  Given to an institution RIO PRIM  Necropsy planned later],
5,Male,????,WILD,WILD,M DIABO,1973-11-25,NA,Capture,
NA,NA,NA,NA,NA,RIO PRIM,1973-11-25,33,Transfer,
NA,NA,NA,NA,NA,NA,1977-08-30,NA,Death,
NA,NA,NA,NA,NA,NA,NA,NA,[Death by Unknown means],
6,Female,????,WILD,WILD,M DIABO,1973-11-25,NA,Capture,
NA,NA,NA,NA,NA,RIO PRIM,1973-11-25,34,Transfer,
NA,NA,NA,NA,NA,NA,1988-06-28,NA,Death,
NA,NA,NA,NA,NA,NA,NA,NA,[Death by Unknown means],
7,Female,????,WILD,WILD,M DIABO,1973-11-25,NA,Capture,
NA,NA,NA,NA,NA,RIO PRIM,1973-11-25,35,Transfer,
NA,NA,NA,NA,NA,NA,1974-01-10,NA,Death,
NA,NA,NA,NA,NA,NA,NA,NA,[Death by Unknown means],
8,Male,1 Sep 1974,1,2,RIO PRIM,1974-09-01,53,Birth,
NA,NA,NA,NA,NA,NA,1980-01-30,NA,Death,
NA,NA,NA,NA,NA,NA,NA,NA,[Death by Unknown means],
9,Female,1 Sep 1974,1,2,RIO PRIM,1974-09-01,54,Birth,
NA,NA,NA,NA,NA,NA,1987-08-29,NA,Death,
NA,NA,NA,NA,NA,NA,NA,NA,[Death by Unknown means],
10,Male,6 Oct 1974,5,6,RIO PRIM,1974-10-06,59,Birth,
NA,NA,NA,NA,NA,NA,1974-10-06,NA,Death,
NA,NA,NA,NA,NA,NA,NA,NA,[Death by Unknown means],
11,Female,6 Oct 1974,5,6,RIO PRIM,1974-10-06,60,Birth,
NA,NA,NA,NA,NA,NA,1980-01-18,NA,Death,
NA,NA,NA,NA,NA,NA,NA,NA,[Death by Unknown means],
12,Male,5 Oct 1975,1,2,RIO PRIM,1975-10-05,101,Birth,
NA,NA,NA,NA,NA,NA,1982-10-29,NA,Death,
NA,NA,NA,NA,NA,NA,NA,NA,[Death by Other /Unknown  Given to an institution RIO PRIM  Necropsy planned later],
13,Male,5 Oct 1975,1,2,RIO PRIM,1975-10-05,102,Birth,
NA,NA,NA,NA,NA,NA,1983-09-01,NA,Death,
NA,NA,NA,NA,NA,NA,NA,NA,[Death by Other /Unknown  Given to an institution  Necropsy planned later],
14,Female,9 Oct 1975,5,6,RIO PRIM,1975-10-09,103,Birth,
NA,NA,NA,NA,NA,NA,1989-07-13,NA,Death,
NA,NA,NA,NA,NA,NA,NA,NA,[Death by Unknown means],
15,Male,9 Oct 1975,5,6,RIO PRIM,1975-10-09,104,Birth,
NA,NA,NA,NA,NA,NA,1979-11-05,NA,Death,
NA,NA,NA,NA,NA,NA,NA,NA,[Death by Unknown means],
16,Male,8 Nov 1975,3,4,RIO PRIM,1975-11-08,114,Birth,
NA,NA,NA,NA,NA,NA,1992-05-05,NA,Death,
NA,NA,NA,NA,NA,NA,NA,NA,[Death by Unknown means],
17,Male,19 Sep 1976,1,2,RIO PRIM,1976-09-19,145,Birth,
NA,NA,NA,NA,NA,NA,1979-10-19,NA,Death,
NA,NA,NA,NA,NA,NA,NA,NA,[Death by Unknown means],
18,Female,19 Sep 1976,1,2,RIO PRIM,1976-09-19,146,Birth,
NA,NA,NA,NA,NA,NA,1992-04-07,NA,Death,
NA,NA,NA,NA,NA,NA,NA,NA,[Death by Unknown means],
19,Female,19 Oct 1976,5,6,RIO PRIM,1976-10-19,150,Birth,
NA,NA,NA,NA,NA,NA,1986-03-25,NA,Death,
NA,NA,NA,NA,NA,NA,NA,NA,[Death by Unknown means],
20,Female,19 Oct 1976,5,6,RIO PRIM,1976-10-19,151,Birth,
NA,NA,NA,NA,NA,NA,1984-05-09,NA,Death,
NA,NA,NA,NA,NA,NA,NA,NA,[Death by Unknown means],
21,Male,22 Feb 1977,1,2,RIO PRIM,1977-02-22,162,Birth,
NA,NA,NA,NA,NA,NA,1978-10-14,NA,Death,
NA,NA,NA,NA,NA,NA,NA,NA,[Death by Unknown means],
22,Female,22 Feb 1977,1,2,RIO PRIM,1977-02-22,163,Birth,
NA,NA,NA,NA,NA,NA,1978-01-26,NA,Death,
NA,NA,NA,NA,NA,NA,NA,NA,[Death by Unknown means],
23,Male,19 Oct 1977,1,2,RIO PRIM,1977-10-19,179,Birth,
NA,NA,NA,NA,NA,NA,1985-10-27,NA,Death,
NA,NA,NA,NA,NA,NA,NA,NA,[Death by Unknown means],
24,Female,27 Feb 1978,1,2,RIO PRIM,1978-02-27,195,Birth,
NA,NA,NA,NA,NA,NA,1978-02-28,NA,Death,
NA,NA,NA,NA,NA,NA,NA,NA,[Death by Unknown means],
25,Female,19 Sep 1978,1,2,RIO PRIM,1978-09-19,286,Birth,
NA,NA,NA,NA,NA,NA,1984-05-22,NA,Death,
NA,NA,NA,NA,NA,NA,NA,NA,[Death by Unknown means],
26,Male,12 Oct 1978,13,19,RIO PRIM,1978-10-12,210,Birth,
NA,NA,NA,NA,NA,NA,1978-10-27,NA,Death,
NA,NA,NA,NA,NA,NA,NA,NA,[Death by Unknown means],
27,Male,12 Oct 1978,13,19,RIO PRIM,1978-10-12,211,Birth,
NA,NA,NA,NA,NA,NA,1978-10-28,NA,Death,
NA,NA,NA,NA,NA,NA,NA,NA,[Death by Unknown means],
28,Female,3 Feb 1979,1,2,RIO PRIM,1979-02-03,227,Birth,
NA,NA,NA,NA,NA,NA,1979-07-02,NA,Death,
NA,NA,NA,NA,NA,NA,NA,NA,[Death by Unknown means],
29,Male,12 Oct 1979,13,19,RIO PRIM,1979-10-12,253,Birth,
NA,NA,NA,NA,NA,NA,1979-10-12,NA,Death,
NA,NA,NA,NA,NA,NA,NA,NA,[Death by Stillbirth  Unknown  Unknown (after necropsy)],
30,Male,12 Oct 1979,13,19,RIO PRIM,1979-10-12,254,Birth,
NA,NA,NA,NA,NA,NA,1979-10-12,NA,Death,
NA,NA,NA,NA,NA,NA,NA,NA,[Death by Stillbirth  Unknown  Unknown (after necropsy)],
31,Male,15 Sep 1980,13,19,RIO PRIM,1980-09-15,303,Birth,
NA,NA,NA,NA,NA,NA,1985-01-24,NA,Death,
NA,NA,NA,NA,NA,NA,NA,NA,[Death by Unknown means],
32,Male,15 Sep 1980,13,19,RIO PRIM,1980-09-15,304,Birth,
NA,NA,NA,NA,NA,NA,1997-05-02,NA,Death,
NA,NA,NA,NA,NA,NA,NA,NA,[Death by Unknown means],
33,Male,2 Nov 1980,12,14,RIO PRIM,1980-11-02,318,Birth,
NA,NA,NA,NA,NA,NA,1994-10-07,NA,Death,
NA,NA,NA,NA,NA,NA,NA,NA,[Death by Unknown means],
34,Male,6 Jan 1981,1,20,RIO PRIM,1981-01-06,330,Birth,
NA,NA,NA,NA,NA,NA,1982-11-05,NA,Death,
NA,NA,NA,NA,NA,NA,NA,NA,[Death by Unknown means],
35,Female,6 Jan 1981,1,20,RIO PRIM,1981-01-06,331,Birth,
NA,NA,NA,NA,NA,NA,1983-11-22,NA,Death,
NA,NA,NA,NA,NA,NA,NA,NA,[Death by Unknown means],
36,Male,27 Sep 1981,13,19,RIO PRIM,1981-09-27,354,Birth,
NA,NA,NA,NA,NA,NA,1981-12-06,NA,Death,
NA,NA,NA,NA,NA,NA,NA,NA,[Death by Unknown means],
37,Male,29 Oct 1981,1,20,RIO PRIM,1981-10-29,361,Birth,
NA,NA,NA,NA,NA,NA,1989-07-22,NA,Death,
NA,NA,NA,NA,NA,NA,NA,NA,[Death by Unknown means],
38,Male,29 Oct 1981,1,20,RIO PRIM,1981-10-29,362,Birth,
NA,NA,NA,NA,NA,NA,1990-08-07,NA,Death,
NA,NA,NA,NA,NA,NA,NA,NA,[Death by Other /Unknown  Given to an institution RIO PRIM  Necropsy planned later],
39,Female,31 Oct 1981,3,6,RIO PRIM,1981-10-31,363,Birth,
NA,NA,NA,NA,NA,NA,1982-01-20,NA,Death,
NA,NA,NA,NA,NA,NA,NA,NA,[Death by Unknown means],
40,Male,31 Oct 1981,3,6,RIO PRIM,1981-10-31,364,Birth,
NA,NA,NA,NA,NA,NA,1982-01-20,NA,Death,
NA,NA,NA,NA,NA,NA,NA,NA,[Death by Unknown means],
41,Unknown,29 Oct 1981,1,20,RIO PRIM,1981-10-29,368,Birth,
NA,NA,NA,NA,NA,NA,1981-10-29,NA,Death,
NA,NA,NA,NA,NA,NA,NA,NA,[Death by Unknown means],
42,Male,25 Dec 1981,12,14,RIO PRIM,1981-12-25,374,Birth,
NA,NA,NA,NA,NA,NA,1982-02-06,NA,Death,
NA,NA,NA,NA,NA,NA,NA,NA,[Death by Unknown means],
43,Male,25 Dec 1981,12,14,RIO PRIM,1981-12-25,375,Birth,
NA,NA,NA,NA,NA,NA,1982-02-10,NA,Death,
NA,NA,NA,NA,NA,NA,NA,NA,[Death by Unknown means],
44,Female,25 Sep 1982,3,6,RIO PRIM,1982-09-25,402,Birth,
NA,NA,NA,NA,NA,NA,1998-06-22,NA,Death,
NA,NA,NA,NA,NA,NA,NA,NA,[Death by Unknown means],
45,Male,9 Oct 1982,16,18,RIO PRIM,1982-10-09,408,Birth,
NA,NA,NA,NA,NA,SAO PAULO,1991-11-13,19818,Transfer,
NA,NA,NA,NA,NA,NA,1998-03-17,NA,Death,
NA,NA,NA,NA,NA,NA,NA,NA,[Death by Unknown means],
46,Unknown,9 Oct 1982,16,18,RIO PRIM,1982-10-09,412,Birth,
NA,NA,NA,NA,NA,NA,1982-10-09,NA,Death,
NA,NA,NA,NA,NA,NA,NA,NA,[Death by Unknown means],
47,Male,14 Oct 1982,1,20,RIO PRIM,1982-10-14,410,Birth,
NA,NA,NA,NA,NA,NA,1992-01-15,NA,Death,
NA,NA,NA,NA,NA,NA,NA,NA,[Death by Unknown means],
48,Female,14 Oct 1982,1,20,RIO PRIM,1982-10-14,411,Birth,
NA,NA,NA,NA,NA,NA,1989-12-22,NA,Death,
NA,NA,NA,NA,NA,NA,NA,NA,[Death by Other /Unknown  Given to an institution  Necropsy planned later],
49,Female,29 Mar 1983,13,19,RIO PRIM,1983-03-29,445,Birth,
NA,NA,NA,NA,NA,NA,1983-04-02,NA,Death,
NA,NA,NA,NA,NA,NA,NA,NA,[Death by Unknown means],
50,Male,15 Aug 1983,13,19,RIO PRIM,1983-08-15,471,Birth,
NA,NA,NA,NA,NA,NA,1983-08-17,NA,Death,
NA,NA,NA,NA,NA,NA,NA,NA,[Death by Unknown means],
51,Male,23 Sep 1983,1,20,RIO PRIM,1983-09-23,504,Birth,
NA,NA,NA,NA,NA,NA,1983-09-27,NA,Death,
NA,NA,NA,NA,NA,NA,NA,NA,[Death by Unknown means],
52,Female,23 Sep 1983,1,20,RIO PRIM,1983-09-23,505,Birth,
NA,NA,NA,NA,NA,NA,1983-09-30,NA,Death,
NA,NA,NA,NA,NA,NA,NA,NA,[Death by Unknown means],
53,Male,23 Sep 1983,1,20,RIO PRIM,1983-09-23,506,Birth,
NA,NA,NA,NA,NA,NA,1983-10-04,NA,Death,
NA,NA,NA,NA,NA,NA,NA,NA,[Death by Unknown means],
54,Male,25 Sep 1983,31,25,RIO PRIM,1983-09-25,507,Birth,
NA,NA,NA,NA,NA,NA,1983-09-27,NA,Death,
NA,NA,NA,NA,NA,NA,NA,NA,[Death by Unknown means],
55,Female,25 Sep 1983,31,25,RIO PRIM,1983-09-25,508,Birth,
NA,NA,NA,NA,NA,NA,1983-09-27,NA,Death,
NA,NA,NA,NA,NA,NA,NA,NA,[Death by Unknown means],
56,Female,14 Oct 1983,32,35,RIO PRIM,1983-10-14,512,Birth,
NA,NA,NA,NA,NA,NA,1983-10-15,NA,Death,
NA,NA,NA,NA,NA,NA,NA,NA,[Death by Unknown means],
57,Female,14 Oct 1983,32,35,RIO PRIM,1983-10-14,513,Birth,
NA,NA,NA,NA,NA,NA,1991-12-16,NA,Death,
NA,NA,NA,NA,NA,NA,NA,NA,[Death by Unknown means],
58,Male,14 Oct 1983,32,35,RIO PRIM,1983-10-14,514,Birth,
NA,NA,NA,NA,NA,NA,1994-06-06,NA,Death,
NA,NA,NA,NA,NA,NA,NA,NA,[Death by Unknown means],
59,Male,18 Nov 1983,3,6,RIO PRIM,1983-11-18,524,Birth,
NA,NA,NA,NA,NA,NA,1989-12-12,NA,Death,
NA,NA,NA,NA,NA,NA,NA,NA,[Death by Other /Unknown  Given to an institution RIO PRIM  Necropsy planned later],
60,Female,18 Nov 1983,3,6,RIO PRIM,1983-11-18,525,Birth,
NA,NA,NA,NA,NA,NA,1985-11-13,NA,Death,
NA,NA,NA,NA,NA,NA,NA,NA,[Death by Unknown means],
61,Unknown,4 Feb 1984,31,25,RIO PRIM,1984-02-04,538,Birth,
NA,NA,NA,NA,NA,NA,1984-02-04,NA,Death,
NA,NA,NA,NA,NA,NA,NA,NA,[Death by Unknown means],
62,Female,4 Feb 1984,31,25,RIO PRIM,1984-02-04,539,Birth,
NA,NA,NA,NA,NA,NA,1984-02-05,NA,Death,
NA,NA,NA,NA,NA,NA,NA,NA,[Death by Unknown means],
63,Female,4 Feb 1984,31,25,RIO PRIM,1984-02-04,540,Birth,
NA,NA,NA,NA,NA,SAO PAULO,1994-02-08,21436,Transfer,
NA,NA,NA,NA,NA,NA,1994-02-09,NA,Death,
NA,NA,NA,NA,NA,NA,NA,NA,[Death by Unknown means],
64,Female,15 Feb 1984,38,19,RIO PRIM,1984-02-15,543,Birth,
NA,NA,NA,NA,NA,NA,1984-02-18,NA,Death,
NA,NA,NA,NA,NA,NA,NA,NA,[Death by Unknown means],
65,Female,15 Feb 1984,38,19,RIO PRIM,1984-02-15,544,Birth,
NA,NA,NA,NA,NA,NA,1984-02-17,NA,Death,
NA,NA,NA,NA,NA,NA,NA,NA,[Death by Unknown means],
66,Male,29 Feb 1984,1,20,RIO PRIM,1984-02-29,547,Birth,
NA,NA,NA,NA,NA,NA,1985-03-14,NA,Death,
NA,NA,NA,NA,NA,NA,NA,NA,[Death by Unknown means],
67,Female,29 Feb 1984,1,20,RIO PRIM,1984-02-29,548,Birth,
NA,NA,NA,NA,NA,NA,1990-10-10,NA,Death,
NA,NA,NA,NA,NA,NA,NA,NA,[Death by Other /Unknown  Given to an institution RIO PRIM  Necropsy planned later],
68,Female,27 Nov 1984,38,19,RIO PRIM,1984-11-27,609,Birth,
NA,NA,NA,NA,NA,NA,1984-12-01,NA,Death,
NA,NA,NA,NA,NA,NA,NA,NA,[Death by Unknown means],
69,Male,12 Dec 1984,32,44,RIO PRIM,1984-12-12,616,Birth,
NA,NA,NA,NA,NA,NA,1991-10-25,NA,Death,
NA,NA,NA,NA,NA,NA,NA,NA,[Death by Unknown means],
70,Female,12 Dec 1984,32,44,RIO PRIM,1984-12-12,617,Birth,
NA,NA,NA,NA,NA,SAO PAULO,1994-02-08,21439,Transfer,
NA,NA,NA,NA,NA,NA,1996-12-02,NA,Death,
NA,NA,NA,NA,NA,NA,NA,NA,[Death by Unknown means],
71,Male,4 Oct 1985,32,44,RIO PRIM,1985-10-04,665,Birth,
NA,NA,NA,NA,NA,NA,2002-02-05,NA,Death,
NA,NA,NA,NA,NA,NA,NA,NA,[Death by Other /Unknown  Mounted or Preserved RIO PRIM  No necropsy planned],
72,Female,4 Oct 1985,32,44,RIO PRIM,1985-10-04,666,Birth,
NA,NA,NA,NA,NA,NA,1992-02-09,NA,Death,
NA,NA,NA,NA,NA,NA,NA,NA,[Death by Unknown means],
73,Male,1984,WILD,WILD,M DIABO,1985-11-07,NA,Capture,
NA,NA,NA,NA,NA,RIO PRIM,1985-11-07,686,Transfer,
NA,NA,NA,NA,NA,NA,2003-10-23,NA,Death,
NA,NA,NA,NA,NA,NA,NA,NA,[Death by Environ/Behav conditions  Mounted or Preserved 1552  Unknown (after necropsy)],
74,Female,1984,WILD,WILD,M DIABO,1985-11-07,NA,Capture,
NA,NA,NA,NA,NA,RIO PRIM,1985-11-07,687,Transfer,
NA,NA,NA,NA,NA,NA,1993-04-14,NA,Death,
NA,NA,NA,NA,NA,NA,NA,NA,[Death by Unknown means],
75,Male,????,WILD,WILD,M DIABO,1985-11-07,NA,Capture,
NA,NA,NA,NA,NA,RIO PRIM,1985-11-07,688,Transfer,
NA,NA,NA,NA,NA,SAO PAULO,1991-11-13,19817,Transfer,
NA,NA,NA,NA,NA,NA,2001-08-12,NA,Death,
NA,NA,NA,NA,NA,NA,NA,NA,[Death by Unknown means],
76,Female,????,WILD,WILD,M DIABO,1985-11-07,NA,Capture,689
NA,NA,NA,NA,NA,RIO PRIM,1985-11-07,689,Transfer,
NA,NA,NA,NA,NA,NA,1993-11-17,NA,Death,
NA,NA,NA,NA,NA,NA,NA,NA,[Death by Other /Unknown  Given to an institution NATIONAL MUSEUMRIODE JANEIRO  Unknown (after necropsy)],
77,Male,1985,73,74,M GOBI,1985-11-07,NA,Capture,
NA,NA,NA,NA,NA,RIO PRIM,1985-11-07,690,Transfer,
NA,NA,NA,NA,NA,NA,1995-12-24,NA,Death,
NA,NA,NA,NA,NA,NA,NA,NA,[Death by Unknown means],
78,Female,1985,73,74,M DIABO,1985-11-07,NA,Capture,691
NA,NA,NA,NA,NA,RIO PRIM,1985-11-07,691,Transfer,
NA,NA,NA,NA,NA,NA,1998-07-03,NA,Death,
NA,NA,NA,NA,NA,NA,NA,NA,[Death by Unknown means],
79,Male,10 Nov 1985,1,19,RIO PRIM,1985-11-10,685,Birth,
NA,NA,NA,NA,NA,NA,1985-11-12,NA,Death,
NA,NA,NA,NA,NA,NA,NA,NA,[Death by Unknown means],
80,Male,13 Nov 1985,58,60,RIO PRIM,1985-11-13,692,Birth,
NA,NA,NA,NA,NA,NA,1985-11-13,NA,Death,
NA,NA,NA,NA,NA,NA,NA,NA,[Death by Unknown means],
81,Female,13 Nov 1985,58,60,RIO PRIM,1985-11-13,693,Birth,
NA,NA,NA,NA,NA,NA,1985-11-13,NA,Death,
NA,NA,NA,NA,NA,NA,NA,NA,[Death by Unknown means],
82,Female,13 Nov 1985,58,60,RIO PRIM,1985-11-13,694,Birth,
NA,NA,NA,NA,NA,NA,1985-11-13,NA,Death,
NA,NA,NA,NA,NA,NA,NA,NA,[Death by Unknown means],
83,Male,27 Jan 1986,59,57,RIO PRIM,1986-01-27,713,Birth,
NA,NA,NA,NA,NA,SAO PAULO,1994-02-08,21438,Transfer,
NA,NA,NA,NA,NA,NA,2001-08-16,NA,Death,
NA,NA,NA,NA,NA,NA,NA,NA,[Death by Other /Unknown  Unknown  Generalized  Nutrition],
84,Male,17 Sep 1986,73,74,RIO PRIM,1986-09-17,753,Birth,CLAUDIO
NA,NA,NA,NA,NA,JERSEY,1990-08-31,M1598,Transfer,
NA,NA,NA,NA,NA,NA,1999-06-15,NA,Death,
NA,NA,NA,NA,NA,NA,NA,NA,[Death by Unknown means],
85,Female,17 Sep 1986,73,74,RIO PRIM,1986-09-17,754,Birth,
NA,NA,NA,NA,NA,SAO PAULO,1994-02-08,21435,Transfer,
NA,NA,NA,NA,NA,CENTRALPK,1995-04-19,956095,Transfer,
NA,NA,NA,NA,NA,NA,1999-09-20,NA,Death,
NA,NA,NA,NA,NA,NA,NA,NA,[Death by Other /Unknown  Incinerate   Unknown (after necropsy)],
86,Male,18 Sep 1986,32,44,RIO PRIM,1986-09-18,756,Birth,
NA,NA,NA,NA,NA,NA,1989-06-26,NA,Death,
NA,NA,NA,NA,NA,NA,NA,NA,[Death by Unknown means],
87,Male,18 Sep 1986,32,44,RIO PRIM,1986-09-18,757,Birth,
NA,NA,NA,NA,NA,NA,1989-05-26,NA,Death,
NA,NA,NA,NA,NA,NA,NA,NA,[Death by Unknown means],
88,Male,12 Oct 1986,59,57,RIO PRIM,1986-10-12,767,Birth,
NA,NA,NA,NA,NA,NA,1986-10-15,NA,Death,
NA,NA,NA,NA,NA,NA,NA,NA,[Death by Unknown means],
89,Female,????,WILD,WILD,M DIABO,1986-11-11,NA,Capture,
NA,NA,NA,NA,NA,SAO PAULO,1986-11-11,16701,Transfer,
NA,NA,NA,NA,NA,NA,1994-10-11,NA,Death,
NA,NA,NA,NA,NA,NA,NA,NA,[Death by Unknown means],
90,Female,????,WILD,WILD,M DIABO,1986-11-11,NA,Capture,
NA,NA,NA,NA,NA,SAO PAULO,1986-11-11,16702,Transfer,
NA,NA,NA,NA,NA,NA,1989-06-20,NA,Death,
NA,NA,NA,NA,NA,NA,NA,NA,[Death by Unknown means],
91,Female,????,WILD,WILD,M DIABO,1986-11-11,NA,Capture,
NA,NA,NA,NA,NA,SAO PAULO,1986-11-11,16703,Transfer,
NA,NA,NA,NA,NA,SAO CARLOS,2003-10-16,91,Transfer,
NA,NA,NA,NA,NA,NA,2003-10-21,NA,Death,
NA,NA,NA,NA,NA,NA,NA,NA,[Death by Environ/Behav conditions  Unknown  Generalized  Metabolism],
92,Female,????,WILD,WILD,M DIABO,1986-11-11,NA,Capture,
NA,NA,NA,NA,NA,SAO PAULO,1986-11-11,16704,Transfer,
NA,NA,NA,NA,NA,NA,1993-05-25,NA,Death,
NA,NA,NA,NA,NA,NA,NA,NA,[Death by Unknown means],
93,Male,????,WILD,WILD,M DIABO,1986-11-11,NA,Capture,
NA,NA,NA,NA,NA,SAO PAULO,1986-11-11,16699,Transfer,
NA,NA,NA,NA,NA,NA,1990-12-05,NA,Death,
NA,NA,NA,NA,NA,NA,NA,NA,[Death by Other /Unknown  Given to an institution SAO PAULO  No necropsy planned],
94,Female,????,WILD,WILD,M DIABO,1986-11-11,NA,Capture,
NA,NA,NA,NA,NA,SAO PAULO,1986-11-11,16700,Transfer,
NA,NA,NA,NA,NA,NA,1990-02-06,NA,Death,
NA,NA,NA,NA,NA,NA,NA,NA,[Death by Other /Unknown  Given to an institution SAO PAULO  Necropsy planned later],
95,Female,????,WILD,WILD,M DIABO,1986-11-11,NA,Capture,
NA,NA,NA,NA,NA,SAO PAULO,1986-11-11,16706,Transfer,
NA,NA,NA,NA,NA,NA,1997-05-25,NA,Death,
NA,NA,NA,NA,NA,NA,NA,NA,[Death by Unknown means],
96,Male,????,WILD,WILD,M DIABO,1986-11-11,NA,Capture,
NA,NA,NA,NA,NA,SAO PAULO,1986-11-11,16697,Transfer,
NA,NA,NA,NA,NA,SAO CARLOS,2003-10-16,96,Transfer,
NA,NA,NA,NA,NA,NA,2003-10-21,NA,Death,
NA,NA,NA,NA,NA,NA,NA,NA,[Death by Environ/Behav conditions  Unknown  Generalized  Metabolism],
97,Male,????,WILD,WILD,M DIABO,1986-11-11,NA,Capture,
NA,NA,NA,NA,NA,SAO PAULO,1986-11-11,16696,Transfer,
NA,NA,NA,NA,NA,NA,1990-05-10,NA,Death,
NA,NA,NA,NA,NA,NA,NA,NA,[Death by Other /Unknown  Given to an institution SAO PAULO  Necropsy planned later],
98,Female,????,WILD,WILD,M DIABO,1986-11-11,NA,Capture,
NA,NA,NA,NA,NA,SAO PAULO,1986-11-11,16698,Transfer,
NA,NA,NA,NA,NA,NA,1992-10-15,NA,Death,
NA,NA,NA,NA,NA,NA,NA,NA,[Death by Unknown means],
99,Male,????,WILD,WILD,M DIABO,1986-11-11,NA,Capture,
NA,NA,NA,NA,NA,SAO PAULO,1986-11-11,16694,Transfer,
NA,NA,NA,NA,NA,NA,1994-10-20,NA,Death,
NA,NA,NA,NA,NA,NA,NA,NA,[Death by Unknown means],
100,Female,????,WILD,WILD,M DIABO,1986-11-11,NA,Capture,
NA,NA,NA,NA,NA,SAO PAULO,1986-11-11,16695,Transfer,
NA,NA,NA,NA,NA,NA,1999-08-15,NA,Death,
NA,NA,NA,NA,NA,NA,NA,NA,[Death by Unknown means],
101,Unknown,????,93,94,M DIABO,1986-11-11,NA,Capture,
NA,NA,NA,NA,NA,SAO PAULO,1986-11-11,NA,Death,
NA,NA,NA,NA,NA,NA,NA,NA,[Death by Stillbirth  Unknown  Unknown (after necropsy)],
102,Unknown,????,93,94,M DIABO,1986-11-11,NA,Capture,
NA,NA,NA,NA,NA,SAO PAULO,1986-11-11,NA,Death,
NA,NA,NA,NA,NA,NA,NA,NA,[Death by Stillbirth  Unknown  Unknown (after necropsy)],
103,Male,????,WILD,WILD,M DIABO,1986-11-11,NA,Capture,
NA,NA,NA,NA,NA,SAO PAULO,1986-11-11,16708,Transfer,
NA,NA,NA,NA,NA,NA,1987-02-01,NA,Death,
NA,NA,NA,NA,NA,NA,NA,NA,[Death by Unknown means],
104,Male,????,WILD,WILD,M DIABO,1986-11-11,NA,Capture,
NA,NA,NA,NA,NA,SAO PAULO,1986-11-11,16707,Transfer,
NA,NA,NA,NA,NA,NA,1987-02-05,NA,Death,
NA,NA,NA,NA,NA,NA,NA,NA,[Death by Unknown means],
105,Female,31 Jan 1987,32,44,RIO PRIM,1987-01-31,800,Birth,MARIA
NA,NA,NA,NA,NA,JERSEY,1990-08-31,M1599,Transfer,
NA,NA,NA,NA,NA,NA,2000-04-24,NA,Death,
NA,NA,NA,NA,NA,NA,NA,NA,[Death by Unknown means],
106,Male,25 Feb 1987,59,57,RIO PRIM,1987-02-25,805,Birth,
NA,NA,NA,NA,NA,JERSEY,1990-09-01,M1596,Transfer,
NA,NA,NA,NA,NA,NA,2004-06-29,NA,Death,
NA,NA,NA,NA,NA,NA,NA,NA,[Death by Euthanasia (medical)  Unknown  Necropsy planned later  Unknown after necropsy],
107,Male,25 Feb 1987,59,57,RIO PRIM,1987-02-25,806,Birth,
NA,NA,NA,NA,NA,SAO PAULO,1994-02-08,21434,Transfer,
NA,NA,NA,NA,NA,CENTRALPK,1995-04-19,956096,Transfer,
NA,NA,NA,NA,NA,NY BRONX,1998-12-18,956096,Transfer,
NA,NA,NA,NA,NA,NA,2006-03-26,NA,Death,
NA,NA,NA,NA,NA,NA,NA,NA,[Death by Euthanasia (medical)  Unknown  No necropsy planned],
108,Male,6 Mar 1987,99,100,SAO PAULO,1987-03-06,NA,Birth,
NA,NA,NA,NA,NA,NA,1987-03-07,NA,Death,
NA,NA,NA,NA,NA,NA,NA,NA,[Death by Unknown means],
109,Male,6 Mar 1987,99,100,SAO PAULO,1987-03-06,NA,Birth,
NA,NA,NA,NA,NA,NA,1987-03-08,NA,Death,
NA,NA,NA,NA,NA,NA,NA,NA,[Death by Unknown means],
110,Female,12 Sep 1987,32,44,RIO PRIM,1987-09-12,851,Birth,GERTIE
NA,NA,NA,NA,NA,JERSEY,1990-08-31,M1601,Transfer,
NA,NA,NA,NA,NA,NA,2008-04-03,NA,Death,
NA,NA,NA,NA,NA,NA,NA,NA,[Death by Euthanasia (medical)  Unknown  Unknown (after necropsy)],
111,Female,12 Sep 1987,32,44,RIO PRIM,1987-09-12,852,Birth,
NA,NA,NA,NA,NA,NA,1991-11-03,NA,Death,
NA,NA,NA,NA,NA,NA,NA,NA,[Death by Unknown means],
112,Male,20 Sep 1987,93,94,SAO PAULO,1987-09-20,17301,Birth,
NA,NA,NA,NA,NA,NA,1989-09-28,NA,Death,
NA,NA,NA,NA,NA,NA,NA,NA,[Death by Unknown means],
113,Male,23 Sep 1987,73,74,RIO PRIM,1987-09-23,856,Birth,
NA,NA,NA,NA,NA,SAO PAULO,1991-11-13,19820,Transfer,
NA,NA,NA,NA,NA,NA,1992-03-12,NA,Death,
NA,NA,NA,NA,NA,NA,NA,NA,[Death by Unknown means],
114,Male,23 Sep 1987,73,74,RIO PRIM,1987-09-23,857,Birth,
NA,NA,NA,NA,NA,NA,1989-12-22,NA,Death,
NA,NA,NA,NA,NA,NA,NA,NA,[Death by Other /Unknown  Given to an institution RIO PRIM  Necropsy planned later],
115,Male,13 Oct 1987,59,57,RIO PRIM,1987-10-13,864,Birth,
NA,NA,NA,NA,NA,NA,1990-03-29,NA,Death,
NA,NA,NA,NA,NA,NA,NA,NA,[Death by Other /Unknown  Given to an institution  Necropsy planned later],
116,Male,13 Oct 1987,59,57,RIO PRIM,1987-10-13,865,Birth,
NA,NA,NA,NA,NA,JERSEY,1990-08-31,M1600,Transfer,
NA,NA,NA,NA,NA,ADELAIDE,1995-10-12,950402,Transfer,
NA,NA,NA,NA,NA,NA,2001-06-06,NA,Death,
NA,NA,NA,NA,NA,NA,NA,NA,[Death by Euthanasia (medical)  Unknown  No necropsy planned],
117,Female,13 Oct 1987,59,57,RIO PRIM,1987-10-13,866,Birth,
NA,NA,NA,NA,NA,NA,1993-06-23,NA,Death,
NA,NA,NA,NA,NA,NA,NA,NA,[Death by Unknown means],
118,Male,3 Nov 1987,69,76,RIO PRIM,1987-11-03,874,Birth,
NA,NA,NA,NA,NA,SAO PAULO,1994-02-08,21433,Transfer,
NA,NA,NA,NA,NA,NA,2010-11-08,NA,Death,
NA,NA,NA,NA,NA,NA,NA,NA,[Death by Unknown means],
119,Male,4 Dec 1987,38,63,RIO PRIM,1987-12-04,880,Birth,
NA,NA,NA,NA,NA,NA,1987-12-04,NA,Death,
NA,NA,NA,NA,NA,NA,NA,NA,[Death by Unknown means],
120,Unknown,4 Dec 1987,38,63,RIO PRIM,1987-12-04,881,Birth,
NA,NA,NA,NA,NA,NA,1987-12-04,NA,Death,
NA,NA,NA,NA,NA,NA,NA,NA,[Death by Unknown means],
121,Female,????,WILD,WILD,M DIABO,1987-12-18,NA,Capture,
NA,NA,NA,NA,NA,SAO PAULO,1987-12-18,17872,Transfer,
NA,NA,NA,NA,NA,NA,1989-01-30,NA,Death,
NA,NA,NA,NA,NA,NA,NA,NA,[Death by Other /Unknown  Given to an institution  Necropsy planned later],
122,Male,5 Jan 1988,58,72,RIO PRIM,1988-01-05,890,Birth,
NA,NA,NA,NA,NA,NA,1988-03-16,NA,Death,
NA,NA,NA,NA,NA,NA,NA,NA,[Death by Unknown means],
123,Male,????,WILD,WILD,M DIABO,1986-11-11,NA,Capture,
NA,NA,NA,NA,NA,SAO PAULO,1986-11-11,16705,Transfer,
NA,NA,NA,NA,NA,NA,1987-05-25,NA,Death,
NA,NA,NA,NA,NA,NA,NA,NA,[Death by Unknown means],
124,Male,23 Aug 1988,73,74,RIO PRIM,1988-08-23,930,Birth,
NA,NA,NA,NA,NA,SAO PAULO,1994-02-08,21429,Transfer,
NA,NA,NA,NA,NA,NA,2002-03-02,NA,Death,
NA,NA,NA,NA,NA,NA,NA,NA,[Death by Other /Unknown  Unknown  Generalized  Viral],
125,Female,23 Aug 1988,73,74,RIO PRIM,1988-08-23,931,Birth,ESME
NA,NA,NA,NA,NA,JERSEY,1990-08-31,M1597,Transfer,
NA,NA,NA,NA,NA,NA,2008-04-23,NA,Death,
NA,NA,NA,NA,NA,NA,NA,NA,[Death by Other /Unknown  Unknown  Necropsy planned later  Unknown after necropsy],
126,Male,25 Aug 1988,97,98,SAO PAULO,1988-08-25,17662,Birth,
NA,NA,NA,NA,NA,NA,1998-03-28,NA,Death,
NA,NA,NA,NA,NA,NA,NA,NA,[Death by Unknown means],
127,Female,25 Aug 1988,97,98,SAO PAULO,1988-08-25,17663,Birth,
NA,NA,NA,NA,NA,NA,2010-04-24,NA,Death,
NA,NA,NA,NA,NA,NA,NA,NA,[Death by Unknown means],
128,Male,28 Sep 1988,32,44,RIO PRIM,1988-09-28,945,Birth,
NA,NA,NA,NA,NA,SAO PAULO,1991-11-13,19819,Transfer,
NA,NA,NA,NA,NA,CENTRALPK,1995-04-19,956097,Transfer,
NA,NA,NA,NA,NA,PROSPECTP,2000-06-01,956097,Transfer,
NA,NA,NA,NA,NA,NA,2007-07-24,NA,Death,
NA,NA,NA,NA,NA,NA,NA,NA,[Death by Unknown means],
129,Male,28 Sep 1988,96,95,SAO PAULO,1988-09-28,17578,Birth,
NA,NA,NA,NA,NA,NA,1990-08-12,NA,Death,
NA,NA,NA,NA,NA,NA,NA,NA,[Death by Other /Unknown  Given to an institution SAO PAULO  Necropsy planned later],
130,Male,1 Oct 1988,69,76,RIO PRIM,1988-10-01,950,Birth,
NA,NA,NA,NA,NA,NA,2002-12-01,NA,Death,
NA,NA,NA,NA,NA,NA,NA,NA,[Death by Unknown means],
131,Male,1 Oct 1988,69,76,RIO PRIM,1988-10-01,951,Birth,
NA,NA,NA,NA,NA,SAO PAULO,1994-02-08,21437,Transfer,
NA,NA,NA,NA,NA,NA,2000-07-29,NA,Death,
NA,NA,NA,NA,NA,NA,NA,NA,[Death by Unknown means],
132,Male,3 Oct 1988,99,100,SAO PAULO,1988-10-03,17728,Birth,
NA,NA,NA,NA,NA,NA,1994-09-01,NA,Death,
NA,NA,NA,NA,NA,NA,NA,NA,[Death by Unknown means],
133,Female,3 Oct 1988,99,100,SAO PAULO,1988-10-03,17729,Birth,
NA,NA,NA,NA,NA,CENTRALPK,1995-04-19,956098,Transfer,
NA,NA,NA,NA,NA,NA,2003-04-11,NA,Death,
NA,NA,NA,NA,NA,NA,NA,NA,[Death by Euthanasia (medical)  Incinerate   Necropsy planned later],
134,Male,2 Dec 1988,58,72,RIO PRIM,1988-12-02,975,Birth,
NA,NA,NA,NA,NA,NA,1991-11-18,NA,Death,
NA,NA,NA,NA,NA,NA,NA,NA,[Death by Unknown means],
135,Female,28 Jan 1989,73,74,RIO PRIM,1989-01-28,988,Birth,
NA,NA,NA,NA,NA,NA,1993-10-08,NA,Death,
NA,NA,NA,NA,NA,NA,NA,NA,[Death by Unknown means],
136,Male,28 Jan 1989,73,74,RIO PRIM,1989-01-28,989,Birth,
NA,NA,NA,NA,NA,NA,1989-07-22,NA,Death,
NA,NA,NA,NA,NA,NA,NA,NA,[Death by Unknown means],
137,Male,26 Aug 1989,59,57,RIO PRIM,1989-08-26,1020,Birth,
NA,NA,NA,NA,NA,NA,1992-01-22,NA,Death,
NA,NA,NA,NA,NA,NA,NA,NA,[Death by Unknown means],
138,Female,26 Aug 1989,59,57,RIO PRIM,1989-08-26,1021,Birth,
NA,NA,NA,NA,NA,NA,1991-11-27,NA,Death,
NA,NA,NA,NA,NA,NA,NA,NA,[Death by Unknown means],
139,Male,1 Sep 1989,97,98,SAO PAULO,1989-09-01,18303,Birth,
NA,NA,NA,NA,NA,NA,1991-03-02,NA,Death,
NA,NA,NA,NA,NA,NA,NA,NA,[Death by Other /Unknown  Given to an institution SAO PAULO  Necropsy planned later],
140,Female,23 Sep 1989,73,74,RIO PRIM,1989-09-23,1036,Birth,TINA
NA,NA,NA,NA,NA,FORTWORTH,1995-08-04,1215,Transfer,
NA,NA,NA,NA,NA,CENTRALPK,1998-11-19,986160,Transfer,
NA,NA,NA,NA,NA,PROSPECTP,1999-07-28,986160,Transfer,
NA,NA,NA,NA,NA,NA,2008-04-07,NA,Death,
NA,NA,NA,NA,NA,NA,NA,NA,[Death by Unknown means],
141,Female,23 Sep 1989,73,74,RIO PRIM,1989-09-23,1037,Birth,
NA,NA,NA,NA,NA,WILD,1991-01-03,NA,Release,
NA,NA,NA,NA,NA,NA,1991-01-04,NA,Death,
NA,NA,NA,NA,NA,NA,NA,NA,[Death by Unknown means],
142,Male,28 Sep 1989,69,76,RIO PRIM,1989-09-28,1047,Birth,CAPTAIN
NA,NA,NA,NA,NA,FORTWORTH,1995-08-04,1213,Transfer,
NA,NA,NA,NA,NA,CENTRALPK,1998-11-19,986157,Transfer,
NA,NA,NA,NA,NA,PROSPECTP,1999-07-28,986157,Transfer,
NA,NA,NA,NA,NA,CENTRALPK,2000-06-01,142,Transfer,
NA,NA,NA,NA,NA,NA,2002-11-07,NA,Death,
NA,NA,NA,NA,NA,NA,NA,NA,[Death by Unknown means],
143,Female,28 Sep 1989,69,76,RIO PRIM,1989-09-28,1048,Birth,
NA,NA,NA,NA,NA,NA,1997-12-26,NA,Death,
NA,NA,NA,NA,NA,NA,NA,NA,[Death by Unknown means],
144,Male,30 Sep 1989,96,95,SAO PAULO,1989-09-30,18304,Birth,
NA,NA,NA,NA,NA,NA,1991-01-27,NA,Death,
NA,NA,NA,NA,NA,NA,NA,NA,[Death by Other /Unknown  Given to an institution SAO PAULO  Necropsy planned later],
145,Male,7 Oct 1989,58,72,RIO PRIM,1989-10-07,1055,Birth,
NA,NA,NA,NA,NA,NA,1993-07-02,NA,Death,
NA,NA,NA,NA,NA,NA,NA,NA,[Death by Unknown means],
146,Female,7 Oct 1989,58,72,RIO PRIM,1989-10-07,1056,Birth,
NA,NA,NA,NA,NA,SAO PAULO,1994-02-08,21431,Transfer,
NA,NA,NA,NA,NA,NA,1997-01-27,NA,Death,
NA,NA,NA,NA,NA,NA,NA,NA,[Death by Unknown means],
147,Male,21 Dec 1989,45,85,RIO PRIM,1989-12-21,1085,Birth,
NA,NA,NA,NA,NA,NA,1989-12-28,NA,Death,
NA,NA,NA,NA,NA,NA,NA,NA,[Death by Unknown means],
148,Female,21 Dec 1989,45,85,RIO PRIM,1989-12-21,1086,Birth,
NA,NA,NA,NA,NA,NA,1989-12-27,NA,Death,
NA,NA,NA,NA,NA,NA,NA,NA,[Death by Unknown means],
149,Male,10 Jan 1989,59,57,RIO PRIM,1989-01-10,1094,Birth,
NA,NA,NA,NA,NA,NA,1990-07-08,NA,Death,
NA,NA,NA,NA,NA,NA,NA,NA,[Death by Unknown means],
150,Male,24 Jan 1990,73,74,RIO PRIM,1990-01-24,1097,Birth,
NA,NA,NA,NA,NA,NA,1990-01-24,NA,Death,
NA,NA,NA,NA,NA,NA,NA,NA,[Death by Unknown means],
151,Female,24 Jan 1990,73,74,RIO PRIM,1990-01-24,1096,Birth,
NA,NA,NA,NA,NA,NA,1990-01-24,NA,Death,
NA,NA,NA,NA,NA,NA,NA,NA,[Death by Unknown means],
152,Male,13 Sep 1990,73,74,RIO PRIM,1990-09-13,1137,Birth,
NA,NA,NA,NA,NA,NA,1991-10-15,NA,Death,
NA,NA,NA,NA,NA,NA,NA,NA,[Death by Unknown means],
153,Male,13 Sep 1990,73,74,RIO PRIM,1990-09-13,1138,Birth,
NA,NA,NA,NA,NA,NA,1995-02-08,NA,Death,
NA,NA,NA,NA,NA,NA,NA,NA,[Death by Unknown means],
154,Male,7 Oct 1990,77,57,RIO PRIM,1990-10-07,1153,Birth,NICEIKE
NA,NA,NA,NA,NA,FORTWORTH,1995-08-04,1214,Transfer,
NA,NA,NA,NA,NA,CENTRALPK,1998-11-19,986158,Transfer,
NA,NA,NA,NA,NA,NY BRONX,2000-06-01,986158,Transfer,
NA,NA,NA,NA,NA,PROSPECTP,2007-08-01,986158,Transfer,
NA,NA,NA,NA,NA,NA,2008-01-16,NA,Death,
NA,NA,NA,NA,NA,NA,NA,NA,[Death by Unknown means],
155,Female,7 Oct 1990,77,57,RIO PRIM,1990-10-07,1154,Birth,
NA,NA,NA,NA,NA,NA,1993-06-27,NA,Death,
NA,NA,NA,NA,NA,NA,NA,NA,[Death by Unknown means],
156,Male,10 Oct 1990,75,72,RIO PRIM,1990-10-10,1157,Birth,
NA,NA,NA,NA,NA,NA,1990-10-12,NA,Death,
NA,NA,NA,NA,NA,NA,NA,NA,[Death by Unknown means],
157,Male,10 Oct 1990,75,72,RIO PRIM,1990-10-10,1158,Birth,
NA,NA,NA,NA,NA,NA,1991-07-25,NA,Death,
NA,NA,NA,NA,NA,NA,NA,NA,[Death by Unknown means],
158,Female,10 Oct 1990,75,72,RIO PRIM,1990-10-10,1159,Birth,
NA,NA,NA,NA,NA,NA,1992-01-22,NA,Death,
NA,NA,NA,NA,NA,NA,NA,NA,[Death by Unknown means],
159,Unknown,27 Oct 1990,45,85,RIO PRIM,1990-10-27,1166,Birth,
NA,NA,NA,NA,NA,NA,1990-11-20,NA,Death,
NA,NA,NA,NA,NA,NA,NA,NA,[Death by Unknown means],
160,Male,18 Nov 1990,130,135,RIO PRIM,1990-11-18,1183,Birth,
NA,NA,NA,NA,NA,NA,1992-02-17,NA,Death,
NA,NA,NA,NA,NA,NA,NA,NA,[Death by Unknown means],
161,Male,18 Nov 1990,130,135,RIO PRIM,1990-11-18,1184,Birth,
NA,NA,NA,NA,NA,NA,2001-12-13,NA,Death,
NA,NA,NA,NA,NA,NA,NA,NA,[Death by Unknown means],
162,Female,25 Nov 1990,69,76,RIO PRIM,1990-11-25,1189,Birth,
NA,NA,NA,NA,NA,NA,1993-01-12,NA,Death,
NA,NA,NA,NA,NA,NA,NA,NA,[Death by Environ/Behav conditions  Unknown  Unknown (after necropsy)],
163,Female,25 Nov 1990,69,76,RIO PRIM,1990-11-25,1190,Birth,
NA,NA,NA,NA,NA,NA,1998-09-20,NA,Death,
NA,NA,NA,NA,NA,NA,NA,NA,[Death by Unknown means],
164,Unknown,1 Sep 1990,106,125,JERSEY,1990-09-01,M1604,Birth,
NA,NA,NA,NA,NA,NA,1994-09-01,NA,Death,
NA,NA,NA,NA,NA,NA,NA,NA,[Death by Premature birth  Unknown  Unknown (after necropsy)],
165,Male,17 Feb 1991,73,74,RIO PRIM,1991-02-17,1213,Birth,
NA,NA,NA,NA,NA,NA,1998-09-20,NA,Death,
NA,NA,NA,NA,NA,NA,NA,NA,[Death by Unknown means],
166,Female,17 Feb 1991,73,74,RIO PRIM,1991-02-17,1214,Birth,
NA,NA,NA,NA,NA,NA,2002-02-05,NA,Death,
NA,NA,NA,NA,NA,NA,NA,NA,[Death by Other /Unknown  Mounted or Preserved RIO PRIM  No necropsy planned],
167,Female,28 Feb 1991,113,111,RIO PRIM,1991-02-28,1217,Birth,
NA,NA,NA,NA,NA,NA,1991-02-28,NA,Death,
NA,NA,NA,NA,NA,NA,NA,NA,[Death by Stillbirth  Unknown  Unknown (after necropsy)],
168,Female,15 Apr 1991,106,125,JERSEY,1991-04-15,M1671,Birth,DEVRA
NA,NA,NA,NA,NA,NA,2009-10-25,NA,Death,
NA,NA,NA,NA,NA,NA,NA,NA,[Death by Euthanasia (medical)  Unknown  Unknown (after necropsy)],
169,Male,15 Apr 1991,106,125,JERSEY,1991-04-15,M1672,Birth,
NA,NA,NA,NA,NA,NA,1991-04-15,NA,Death,
NA,NA,NA,NA,NA,NA,NA,NA,[Death by Stillbirth  Unknown  Unknown (after necropsy)],
170,Male,1990,WILD,WILD,R BONITO,1991-05-25,NA,Capture,
NA,NA,NA,NA,NA,SAO PAULO,1991-05-25,19618,Transfer,
NA,NA,NA,NA,NA,NA,1998-02-26,NA,Death,
NA,NA,NA,NA,NA,NA,NA,NA,[Death by Unknown means],
171,Female,1990,WILD,WILD,R BONITO,1991-05-25,NA,Capture,
NA,NA,NA,NA,NA,SAO PAULO,1991-05-25,19619,Transfer,
NA,NA,NA,NA,NA,BAURU ZOO,2002-04-30,171,Transfer,
NA,NA,NA,NA,NA,NA,2010-01-06,NA,Death,
NA,NA,NA,NA,NA,NA,NA,NA,[Death by Other /Unknown  Unknown  Necropsy done(no info)  Unknown after necropsy  Necropsy not received],
172,Female,1991,170,171,R BONITO,1991-05-25,NA,Capture,
NA,NA,NA,NA,NA,SAO PAULO,1991-05-25,19620,Transfer,
NA,NA,NA,NA,NA,NA,1992-07-16,NA,Death,
NA,NA,NA,NA,NA,NA,NA,NA,[Death by Unknown means],
173,Male,12 Jun 1991,84,105,JERSEY,1991-06-12,M1707,Birth,
NA,NA,NA,NA,NA,NA,1991-06-12,NA,Death,
NA,NA,NA,NA,NA,NA,NA,NA,[Death by Stillbirth  Unknown  Unknown (after necropsy)],
174,Female,12 Jun 1991,84,105,JERSEY,1991-06-12,M1708,Birth,
NA,NA,NA,NA,NA,MAGDEBURG,1995-01-19,281001,Transfer,
NA,NA,NA,NA,NA,NA,1999-12-07,NA,Death,
NA,NA,NA,NA,NA,NA,NA,NA,[Death by Other /Unknown  Unknown  Digestive  Rickettsial],
175,Male,12 Sep 1991,73,74,RIO PRIM,1991-09-12,1246,Birth,
NA,NA,NA,NA,NA,NA,1991-09-13,NA,Death,
NA,NA,NA,NA,NA,NA,NA,NA,[Death by Unknown means],
176,Female,12 Sep 1991,73,74,RIO PRIM,1991-09-12,1247,Birth,
NA,NA,NA,NA,NA,NA,1991-09-13,NA,Death,
NA,NA,NA,NA,NA,NA,NA,NA,[Death by Unknown means],
177,Male,22 Sep 1991,77,57,RIO PRIM,1991-09-22,1252,Birth,
NA,NA,NA,NA,NA,NA,1993-04-27,NA,Death,
NA,NA,NA,NA,NA,NA,NA,NA,[Death by Unknown means],
178,Female,22 Sep 1991,77,57,RIO PRIM,1991-09-22,1253,Birth,
NA,NA,NA,NA,NA,NA,1995-02-22,NA,Death,
NA,NA,NA,NA,NA,NA,NA,NA,[Death by Unknown means],
179,Male,25 Sep 1991,106,125,JERSEY,1991-09-25,M1744,Birth,
NA,NA,NA,NA,NA,NA,1991-09-25,NA,Death,
NA,NA,NA,NA,NA,NA,NA,NA,[Death by Stillbirth  Unknown  Unknown (after necropsy)],
180,Male,27 Sep 1991,96,91,SAO PAULO,1991-09-27,19775,Birth,
NA,NA,NA,NA,NA,BAURU ZOO,1995-08-22,NA,Transfer,
NA,NA,NA,NA,NA,NA,2009-06-29,NA,Death,
NA,NA,NA,NA,NA,NA,NA,NA,[Death by Other /Unknown  Unknown  Necropsy done(no info)  Unknown after necropsy  Necropsy not received],
181,Female,27 Sep 1991,96,91,SAO PAULO,1991-09-27,19776,Birth,
NA,NA,NA,NA,NA,NA,1992-04-30,NA,Death,
NA,NA,NA,NA,NA,NA,NA,NA,[Death by Unknown means],
182,Male,25 Oct 1991,131,138,RIO PRIM,1991-10-25,1277,Birth,
NA,NA,NA,NA,NA,NA,1991-11-27,NA,Death,
NA,NA,NA,NA,NA,NA,NA,NA,[Death by Unknown means],
183,Male,29 Oct 1991,75,72,RIO PRIM,1991-10-29,1282,Birth,
NA,NA,NA,NA,NA,NA,1991-10-29,NA,Death,
NA,NA,NA,NA,NA,NA,NA,NA,[Death by Unknown means],
184,Male,29 Oct 1991,75,72,RIO PRIM,1991-10-29,1283,Birth,
NA,NA,NA,NA,NA,NA,1991-10-29,NA,Death,
NA,NA,NA,NA,NA,NA,NA,NA,[Death by Stillbirth  Unknown  Unknown (after necropsy)],
185,Female,29 Oct 1991,77,72,RIO PRIM,1991-10-29,1284,Birth,
NA,NA,NA,NA,NA,NA,1991-10-29,NA,Death,
NA,NA,NA,NA,NA,NA,NA,NA,[Death by Stillbirth  Unknown  Unknown (after necropsy)],
186,Male,3 Nov 1991,113,111,RIO PRIM,1991-11-03,1292,Birth,
NA,NA,NA,NA,NA,NA,1991-11-03,NA,Death,
NA,NA,NA,NA,NA,NA,NA,NA,[Death by Stillbirth  Unknown  Unknown (after necropsy)],
187,Male,3 Nov 1991,113,111,RIO PRIM,1991-11-03,1293,Birth,
NA,NA,NA,NA,NA,NA,1991-11-03,NA,Death,
NA,NA,NA,NA,NA,NA,NA,NA,[Death by Stillbirth  Unknown  Unknown (after necropsy)],
188,Male,1 Dec 1991,132,89,SAO PAULO,1991-12-01,19896,Birth,
NA,NA,NA,NA,NA,KREFELD,1995-05-03,854,Transfer,
NA,NA,NA,NA,NA,NA,2007-12-06,NA,Death,
NA,NA,NA,NA,NA,NA,NA,NA,[Death by Euthanasia (medical)  Given to an institution VETINSTKR  Cardiovascular  Metabolism],
189,Male,1 Dec 1991,132,89,SAO PAULO,1991-12-01,19897,Birth,AMOS
NA,NA,NA,NA,NA,RIO PRIM,1994-02-06,1462,Transfer,
NA,NA,NA,NA,NA,JERSEY,1994-07-12,M2039,Transfer,
NA,NA,NA,NA,NA,NA,2007-06-23,NA,Death,
NA,NA,NA,NA,NA,NA,NA,NA,[Death by Other /Unknown  Unknown  Necropsy planned later],
190,Male,13 Jan 1992,73,74,RIO PRIM,1992-01-13,1313,Birth,
NA,NA,NA,NA,NA,NA,1993-04-27,NA,Death,
NA,NA,NA,NA,NA,NA,NA,NA,[Death by Unknown means],
191,Female,13 Jan 1992,73,74,RIO PRIM,1992-01-13,1314,Birth,
NA,NA,NA,NA,NA,NA,1998-12-03,NA,Death,
NA,NA,NA,NA,NA,NA,NA,NA,[Death by Unknown means],
192,Female,24 Jan 1992,130,135,RIO PRIM,1992-01-24,1309,Birth,
NA,NA,NA,NA,NA,NA,1992-11-24,NA,Death,
NA,NA,NA,NA,NA,NA,NA,NA,[Death by Unknown means],
193,Male,28 Feb 1992,106,125,JERSEY,1992-02-28,M1794,Birth,LAURY
NA,NA,NA,NA,NA,MAGDEBURG,1995-01-19,281002,Transfer,
NA,NA,NA,NA,NA,NA,2003-12-18,NA,Death,
NA,NA,NA,NA,NA,NA,NA,NA,[Death by Unknown means],
194,Male,28 Feb 1992,106,125,JERSEY,1992-02-28,M1795,Birth,CLAUDIO
NA,NA,NA,NA,NA,ADELAIDE,1995-10-12,950401,Transfer,
NA,NA,NA,NA,NA,NA,2010-11-04,NA,Death,
NA,NA,NA,NA,NA,NA,NA,NA,[Death by Euthanasia (medical)  Unknown  Unknown (after necropsy)],
195,Male,9 Jun 1992,84,105,JERSEY,1992-06-09,M1829,Birth,PINON
NA,NA,NA,NA,NA,NA,2009-12-19,NA,Death,
NA,NA,NA,NA,NA,NA,NA,NA,[Death by Euthanasia (medical)  Unknown  Unknown (after necropsy)],
196,Female,9 Jun 1992,84,105,JERSEY,1992-06-09,M1830,Birth,
NA,NA,NA,NA,NA,ADELAIDE,1995-10-12,950403,Transfer,
NA,NA,NA,NA,NA,NA,2006-09-03,NA,Death,
NA,NA,NA,NA,NA,NA,NA,NA,[Death by Other /Unknown  Unknown  Necropsy planned later],
197,Male,28 Jul 1992,106,125,JERSEY,1992-07-28,M1846,Birth,
NA,NA,NA,NA,NA,NA,1992-07-28,NA,Death,
NA,NA,NA,NA,NA,NA,NA,NA,[Death by Stillbirth  Unknown  No necropsy planned],
198,Female,28 Jul 1992,106,125,JERSEY,1992-07-28,M1847,Birth,
NA,NA,NA,NA,NA,ADELAIDE,1995-10-12,950404,Transfer,
NA,NA,NA,NA,NA,NA,2011-11-16,NA,Death,
NA,NA,NA,NA,NA,NA,NA,NA,[Death by Euthanasia (medical)  Unknown  Unknown (after necropsy)],
199,Male,6 Sep 1992,124,76,RIO PRIM,1992-09-06,1339,Birth,
NA,NA,NA,NA,NA,NA,1992-09-29,NA,Death,
NA,NA,NA,NA,NA,NA,NA,NA,[Death by Unknown means],
200,Female,6 Sep 1992,124,76,RIO PRIM,1992-09-06,1340,Birth,TENILLE
NA,NA,NA,NA,NA,FORTWORTH,1995-08-04,1216,Transfer,
NA,NA,NA,NA,NA,CENTRALPK,1998-11-19,986159,Transfer,
NA,NA,NA,NA,NA,NY BRONX,1998-12-18,986159,Transfer,
NA,NA,NA,NA,NA,NA,2005-11-18,NA,Death,
NA,NA,NA,NA,NA,NA,NA,NA,[Death by Unknown means],
201,Male,14 Sep 1992,73,74,RIO PRIM,1992-09-14,1347,Birth,
NA,NA,NA,NA,NA,NA,1993-04-26,NA,Death,
NA,NA,NA,NA,NA,NA,NA,NA,[Death by Unknown means],
202,Male,14 Sep 1992,73,74,RIO PRIM,1992-09-14,1348,Birth,
NA,NA,NA,NA,NA,NA,2000-02-25,NA,Death,
NA,NA,NA,NA,NA,NA,NA,NA,[Death by Unknown means],
203,Male,28 Sep 1992,132,89,SAO PAULO,1992-09-28,20387,Birth,
NA,NA,NA,NA,NA,SOROCABA,1995-08-17,NA,Transfer,
NA,NA,NA,NA,NA,NA,1996-03-06,NA,Death,
NA,NA,NA,NA,NA,NA,NA,NA,[Death by Unknown means],
204,Female,28 Sep 1992,132,89,SAO PAULO,1992-09-28,20388,Birth,
NA,NA,NA,NA,NA,BAURU ZOO,1995-08-22,NA,Transfer,
NA,NA,NA,NA,NA,NA,1998-01-01,NA,Death,
NA,NA,NA,NA,NA,NA,NA,NA,[Death by Unknown means],
205,Male,23 Oct 1992,130,135,RIO PRIM,1992-10-23,1365,Birth,
NA,NA,NA,NA,NA,NA,1992-12-15,NA,Death,
NA,NA,NA,NA,NA,NA,NA,NA,[Death by Unknown means],
206,Female,23 Oct 1992,130,135,RIO PRIM,1992-10-23,1366,Birth,
NA,NA,NA,NA,NA,NA,1992-12-23,NA,Death,
NA,NA,NA,NA,NA,NA,NA,NA,[Death by Unknown means],
207,Male,3 Nov 1992,124,162,RIO PRIM,1992-11-03,1372,Birth,
NA,NA,NA,NA,NA,SAO PAULO,1994-02-08,21430,Transfer,
NA,NA,NA,NA,NA,SAO CARLOS,2004-03-16,207,Transfer,
NA,NA,NA,NA,NA,SAO CARLOS,2006-03-19,NA,Death,
NA,NA,NA,NA,NA,NA,NA,NA,[Death by Unknown means],
208,Female,3 Nov 1992,124,162,RIO PRIM,1992-11-03,1373,Birth,
NA,NA,NA,NA,NA,NA,1995-12-18,NA,Death,
NA,NA,NA,NA,NA,NA,NA,NA,[Death by Unknown means],
209,Male,30 Nov 1992,118,146,RIO PRIM,1992-11-30,1378,Birth,DIAMANTE
NA,NA,NA,NA,NA,SAO PAULO,1994-02-08,21432,Transfer,
NA,NA,NA,NA,NA,BRASILIA,1994-10-27,1381,Transfer,
NA,NA,NA,NA,NA,NA,2002-09-10,NA,Death,
NA,NA,NA,NA,NA,NA,NA,NA,[Death by Other /Unknown  Mounted or Preserved BRASILIA  Digestive  Trauma],
210,Female,30 Nov 1992,118,146,RIO PRIM,1992-11-30,1379,Birth,
NA,NA,NA,NA,NA,NA,1992-12-07,NA,Death,
NA,NA,NA,NA,NA,NA,NA,NA,[Death by Unknown means],
211,Female,14 Dec 1992,96,91,SAO PAULO,1992-12-14,20528,Birth,CRISTAL
NA,NA,NA,NA,NA,BRASILIA,1994-10-27,1382,Transfer,
NA,NA,NA,NA,NA,SAO PAULO,2003-08-15,211,Transfer,
NA,NA,NA,NA,NA,NA,2005-02-15,NA,Death,
NA,NA,NA,NA,NA,NA,NA,NA,[Death by Other /Unknown  Unknown  Generalized  Unknown after necropsy],
212,Male,23 Dec 1992,145,155,RIO PRIM,1992-12-23,1382,Birth,
NA,NA,NA,NA,NA,NA,1992-12-24,NA,Death,
NA,NA,NA,NA,NA,NA,NA,NA,[Death by Unknown means],
213,Female,23 Dec 1992,145,155,RIO PRIM,1992-12-23,1383,Birth,
NA,NA,NA,NA,NA,NA,1992-12-25,NA,Death,
NA,NA,NA,NA,NA,NA,NA,NA,[Death by Unknown means],
214,Female,27 Dec 1992,126,92,SAO PAULO,1992-12-27,20532,Birth,
NA,NA,NA,NA,NA,KREFELD,1995-05-03,855,Transfer,
NA,NA,NA,NA,NA,NA,2008-07-28,NA,Death,
NA,NA,NA,NA,NA,NA,NA,NA,[Death by Euthanasia (medical)  Given to an institution VETINSTKR  Urinary  Metabolism],
215,Male,12 Feb 1993,106,125,JERSEY,1993-02-12,M1890,Birth,
NA,NA,NA,NA,NA,BELFAST,1997-09-04,2904,Transfer,
216,Female,12 Feb 1993,106,125,JERSEY,1993-02-12,M1891,Birth,
NA,NA,NA,NA,NA,NA,1993-02-15,NA,Death,
NA,NA,NA,NA,NA,NA,NA,NA,[Death by Unknown means],
217,Female,4 Mar 1993,84,105,JERSEY,1993-03-04,M1893,Birth,
NA,NA,NA,NA,NA,BELFAST,1997-09-04,2905,Transfer,
218,Male,5 Mar 1993,73,74,RIO PRIM,1993-03-05,1402,Birth,
NA,NA,NA,NA,NA,NA,1993-05-14,NA,Death,
NA,NA,NA,NA,NA,NA,NA,NA,[Death by Unknown means],
219,Male,12 Jul 1993,106,125,JERSEY,1993-07-12,M1934,Birth,
NA,NA,NA,NA,NA,BELFAST,1997-09-04,2907,Transfer,
NA,NA,NA,NA,NA,NA,2001-07-16,NA,Death,
NA,NA,NA,NA,NA,NA,NA,NA,[Death by Other /Unknown  Incinerate   Unknown (after necropsy)],
220,Female,12 Jul 1993,106,125,JERSEY,1993-07-12,M1935,Birth,TELVA
221,Unknown,4 Oct 1993,96,91,SAO PAULO,1993-10-04,20896,Birth,
NA,NA,NA,NA,NA,NA,1993-10-09,NA,Death,
NA,NA,NA,NA,NA,NA,NA,NA,[Death by Unknown means],
222,Male,4 Oct 1993,75,95,SAO PAULO,1993-10-04,20897,Birth,
NA,NA,NA,NA,NA,NA,2002-04-10,NA,Death,
NA,NA,NA,NA,NA,NA,NA,NA,[Death by Other /Unknown  Unknown  Generalized  Nutrition],
223,Male,5 Oct 1993,96,91,SAO PAULO,1993-10-05,20898,Birth,
NA,NA,NA,NA,NA,NA,2001-06-10,NA,Death,
NA,NA,NA,NA,NA,NA,NA,NA,[Death by Other /Unknown  Mounted or Preserved SAO PAULO  Generalized Circulatory, secondary]
224,Female,5 Oct 1993,96,91,SAO PAULO,1993-10-05,20899,Birth,
NA,NA,NA,NA,NA,SOROCABA,1995-08-17,NA,Transfer,
NA,NA,NA,NA,NA,NA,1996-03-09,NA,Death,
NA,NA,NA,NA,NA,NA,NA,NA,[Death by Unknown means],
225,Unknown,7 Oct 1993,132,89,SAO PAULO,1993-10-07,20900,Birth,
NA,NA,NA,NA,NA,NA,1993-10-07,NA,Death,
NA,NA,NA,NA,NA,NA,NA,NA,[Death by Unknown means],
226,Unknown,7 Oct 1993,132,89,SAO PAULO,1993-10-07,20901,Birth,
NA,NA,NA,NA,NA,NA,1993-10-07,NA,Death,
NA,NA,NA,NA,NA,NA,NA,NA,[Death by Unknown means],
227,Male,1 Nov 1993,124,76,RIO PRIM,1993-11-01,1435,Birth,
NA,NA,NA,NA,NA,NA,1994-02-04,NA,Death,
NA,NA,NA,NA,NA,NA,NA,NA,[Death by Unknown means],
228,Female,1 Nov 1993,124,76,RIO PRIM,1993-11-01,1436,Birth,
NA,NA,NA,NA,NA,NA,1993-11-21,NA,Death,
NA,NA,NA,NA,NA,NA,NA,NA,[Death by Unknown means],
229,Female,1 Dec 1993,71,143,RIO PRIM,1993-12-01,1442,Birth,
NA,NA,NA,NA,NA,NA,1999-08-28,NA,Death,
NA,NA,NA,NA,NA,NA,NA,NA,[Death by Unknown means],
230,Female,1 Dec 1993,71,143,RIO PRIM,1993-12-01,1443,Birth,
NA,NA,NA,NA,NA,NA,2005-06-15,NA,Death,
NA,NA,NA,NA,NA,NA,NA,NA,[Death by Unknown means],
231,Male,28 Dec 1993,118,146,RIO PRIM,1993-12-28,1449,Birth,
NA,NA,NA,NA,NA,NA,1993-12-28,NA,Death,
NA,NA,NA,NA,NA,NA,NA,NA,[Death by Unknown means],
232,Female,28 Dec 1993,118,146,RIO PRIM,1993-12-28,1450,Birth,
NA,NA,NA,NA,NA,NA,1993-12-31,NA,Death,
NA,NA,NA,NA,NA,NA,NA,NA,[Death by Unknown means],
233,Female,16 Jan 1994,84,105,JERSEY,1994-01-16,M1989,Birth,DIANA
NA,NA,NA,NA,NA,RIO PRIM,1999-07-03,1925,Transfer,
NA,NA,NA,NA,NA,NA,2002-12-04,NA,Death,
NA,NA,NA,NA,NA,NA,NA,NA,[Death by Unknown means],
234,Unknown,12 Feb 1994,106,125,JERSEY,1994-02-12,M1997,Birth,
NA,NA,NA,NA,NA,NA,1994-02-12,NA,Death,
NA,NA,NA,NA,NA,NA,NA,NA,[Death by Unknown means],
235,Unknown,12 Feb 1994,106,125,JERSEY,1994-02-12,1998,Birth,
NA,NA,NA,NA,NA,NA,1994-02-12,NA,Death,
NA,NA,NA,NA,NA,NA,NA,NA,[Death by Unknown means],
236,Female,22 Mar 1994,165,163,RIO PRIM,1994-03-22,1473,Birth,
NA,NA,NA,NA,NA,NA,2000-03-28,NA,Death,
NA,NA,NA,NA,NA,NA,NA,NA,[Death by Unknown means],
237,Female,1 Sep 1994,106,125,JERSEY,1994-09-01,M2055,Birth,YARA
NA,NA,NA,NA,NA,BRISTOL,1999-03-11,2770,Transfer,
NA,NA,NA,NA,NA,NA,2011-03-15,NA,Death,
NA,NA,NA,NA,NA,NA,NA,NA,[Death by Euthanasia (medical)  Unknown  Unknown (after necropsy)],
238,Unknown,1 Sep 1994,106,125,JERSEY,1994-09-01,2056,Birth,
NA,NA,NA,NA,NA,NA,1994-09-01,NA,Death,
NA,NA,NA,NA,NA,NA,NA,NA,[Death by Unknown means],
239,Male,2 Sep 1994,118,146,SAO PAULO,1994-09-02,21647,Birth,
NA,NA,NA,NA,NA,NA,2003-09-28,NA,Death,
NA,NA,NA,NA,NA,NA,NA,NA,[Death by Unknown means],
240,Female,2 Sep 1994,118,146,SAO PAULO,1994-09-02,21648,Birth,
NA,NA,NA,NA,NA,NA,2005-02-05,NA,Death,
NA,NA,NA,NA,NA,NA,NA,NA,[Death by Unknown means],
241,Female,29 Sep 1994,73,178,RIO PRIM,1994-09-29,1505,Birth,
NA,NA,NA,NA,NA,NA,1996-12-20,NA,Death,
NA,NA,NA,NA,NA,NA,NA,NA,[Death by Unknown means],
242,Female,29 Sep 1994,73,178,RIO PRIM,1994-09-29,1506,Birth,
NA,NA,NA,NA,NA,NA,1994-10-05,NA,Death,
NA,NA,NA,NA,NA,NA,NA,NA,[Death by Unknown means],
243,Female,4 Oct 1994,96,91,SAO PAULO,1994-10-04,21713,Birth,
NA,NA,NA,NA,NA,NA,2002-06-26,NA,Death,
NA,NA,NA,NA,NA,NA,NA,NA,[Death by Other /Unknown  Unknown  Generalized  Nutrition],
244,Unknown,5 Oct 1994,75,95,SAO PAULO,1994-10-05,21714,Birth,
NA,NA,NA,NA,NA,NA,1994-10-05,NA,Death,
NA,NA,NA,NA,NA,NA,NA,NA,[Death by Stillbirth  Unknown  No necropsy planned],
245,Unknown,5 Oct 1994,75,95,SAO PAULO,1994-10-05,21715,Birth,
NA,NA,NA,NA,NA,NA,1994-10-05,NA,Death,
NA,NA,NA,NA,NA,NA,NA,NA,[Death by Stillbirth  Unknown  No necropsy planned],
246,Female,18 Oct 1994,165,163,RIO PRIM,1994-10-18,1513,Birth,
NA,NA,NA,NA,NA,NA,2001-01-04,NA,Death,
NA,NA,NA,NA,NA,NA,NA,NA,[Death by Other /Unknown  Unknown  Respiratory  Unknown after necropsy],
247,Male,18 Oct 1994,165,163,RIO PRIM,1994-10-18,1514,Birth,
NA,NA,NA,NA,NA,NA,1995-07-11,NA,Death,
NA,NA,NA,NA,NA,NA,NA,NA,[Death by Unknown means],
248,Male,17 Nov 1994,130,191,RIO PRIM,1994-11-17,1522,Birth,
NA,NA,NA,NA,NA,NA,2004-08-25,NA,Death,
NA,NA,NA,NA,NA,NA,NA,NA,[Death by Infection associated  Unknown  Urinary Circulatory, secondary]
249,Female,17 Nov 1994,130,191,RIO PRIM,1994-11-17,1523,Birth,
NA,NA,NA,NA,NA,NA,1994-11-18,NA,Death,
NA,NA,NA,NA,NA,NA,NA,NA,[Death by Unknown means],
250,Female,24 Dec 1994,77,208,RIO PRIM,1994-12-24,1531,Birth,
NA,NA,NA,NA,NA,NA,1994-12-24,NA,Death,
NA,NA,NA,NA,NA,NA,NA,NA,[Death by Unknown means],
251,Male,24 Dec 1994,77,208,RIO PRIM,1994-12-24,1532,Birth,
NA,NA,NA,NA,NA,NA,2000-12-20,NA,Death,
NA,NA,NA,NA,NA,NA,NA,NA,[Death by Unknown means],
252,Female,3 Feb 1995,118,146,SAO PAULO,1995-02-03,21848,Birth,
NA,NA,NA,NA,NA,NA,1995-02-03,NA,Death,
NA,NA,NA,NA,NA,NA,NA,NA,[Death by Unknown means],
253,Male,3 Feb 1995,118,146,SAO PAULO,1995-02-03,21849,Birth,
NA,NA,NA,NA,NA,NA,1995-02-20,NA,Death,
NA,NA,NA,NA,NA,NA,NA,NA,[Death by Unknown means],
254,Female,11 Feb 1995,84,105,JERSEY,1995-02-11,M2093,Birth,CASSIE
NA,NA,NA,NA,NA,BELFAST,1997-09-04,2906,Transfer,
NA,NA,NA,NA,NA,CHESTER,2006-09-08,C06584,Transfer,
NA,NA,NA,NA,NA,NA,2007-06-04,NA,Death,
NA,NA,NA,NA,NA,NA,NA,NA,[Death by Injury from exhibit mate  Unknown  Generalized  Trauma],
255,Unknown,11 Feb 1995,84,105,JERSEY,1995-02-11,M2094,Birth,
NA,NA,NA,NA,NA,NA,1995-02-25,NA,Death,
NA,NA,NA,NA,NA,NA,NA,NA,[Death by Unknown means],
256,Male,19 Mar 1995,106,125,JERSEY,1995-03-19,M2107,Birth,FERNANDO
NA,NA,NA,NA,NA,NA,2012-10-22,NA,Death,
NA,NA,NA,NA,NA,NA,NA,NA,[Death by Euthanasia (medical)  Unknown  Necropsy planned later  Unknown after necropsy],
257,Unknown,19 Mar 1995,106,125,JERSEY,1995-03-19,M2108,Birth,
NA,NA,NA,NA,NA,NA,1995-03-19,NA,Death,
NA,NA,NA,NA,NA,NA,NA,NA,[Death by Stillbirth  Unknown  No necropsy planned],
258,Male,18 Jun 1995,193,174,MAGDEBURG,1995-06-18,184003,Birth,
NA,NA,NA,NA,NA,NA,2014-02-20,NA,Death,
NA,NA,NA,NA,NA,NA,NA,NA,[Death by Other /Unknown  Unknown  Necropsy done(no info)  Unknown after necropsy  Necropsy received],
259,Male,18 Jun 1995,193,174,MAGDEBURG,1995-06-18,281004,Birth,
NA,NA,NA,NA,NA,NA,1996-04-05,NA,Death,
NA,NA,NA,NA,NA,NA,NA,NA,[Death by Unknown means],
260,Male,15 Jul 1995,84,105,JERSEY,1995-07-15,M2146,Birth,MARCO
NA,NA,NA,NA,NA,RIO PRIM,1999-07-13,NA,Transfer,
NA,NA,NA,NA,NA,WILD,1999-08-07,NA,Release,
NA,NA,NA,NA,NA,NA,1999-11-30,NA,Death,
NA,NA,NA,NA,NA,NA,NA,NA,[Death by Unknown means],
261,Female,15 Jul 1995,84,105,JERSEY,1995-07-15,M2147,Birth,INEZ
NA,NA,NA,NA,NA,LA PALMYR,2008-12-22,NA,Transfer,
NA,NA,NA,NA,NA,NA,2009-05-22,NA,Death,
NA,NA,NA,NA,NA,NA,NA,NA,[Death by Infection associated  Incinerate   Digestive  Mechanical abnormality],
262,Unknown,25 Jul 1995,106,125,JERSEY,1995-07-25,M2153,Birth,
NA,NA,NA,NA,NA,NA,1995-07-25,NA,Death,
NA,NA,NA,NA,NA,NA,NA,NA,[Death by Stillbirth  Unknown  No necropsy planned],
263,Male,30 Aug 1995,165,163,RIO PRIM,1995-08-30,1588,Birth,
NA,NA,NA,NA,NA,SAO CARLOS,2004-06-10,263,Transfer,
NA,NA,NA,NA,NA,SAO PAULO,2004-07-20,28548,Transfer,
264,Male,30 Aug 1995,165,163,RIO PRIM,1995-08-30,1589,Birth,
NA,NA,NA,NA,NA,NA,2005-06-28,NA,Death,
NA,NA,NA,NA,NA,NA,NA,NA,[Death by Unknown means],
265,Male,17 Sep 1995,130,191,RIO PRIM,1995-09-17,1594,Birth,
NA,NA,NA,NA,NA,NA,1995-09-17,NA,Death,
NA,NA,NA,NA,NA,NA,NA,NA,[Death by Injury from exhibit mate  Unknown  No necropsy planned],
266,Female,17 Sep 1995,130,191,RIO PRIM,1995-09-17,1595,Birth,
NA,NA,NA,NA,NA,SAO CARLOS,2004-06-10,266,Transfer,
NA,NA,NA,NA,NA,SAO PAULO,2004-07-20,28579,Transfer,
NA,NA,NA,NA,NA,NA,2011-04-06,NA,Death,
NA,NA,NA,NA,NA,NA,NA,NA,[Death by Euthanasia (medical)  Unknown  No necropsy planned],
267,Female,15 Sep 1995,130,191,RIO PRIM,1995-09-15,1596,Birth,
NA,NA,NA,NA,NA,SAO CARLOS,2004-06-10,267,Transfer,
NA,NA,NA,NA,NA,SAO PAULO,2004-07-01,28580,Transfer,
NA,NA,NA,NA,NA,NA,2011-12-13,NA,Death,
NA,NA,NA,NA,NA,NA,NA,NA,[Death by Unknown means],
268,Male,26 Sep 1995,UNKNOWN,146,SAO PAULO,1995-09-26,22109,Birth,
NA,NA,NA,NA,NA,NA,2010-10-31,NA,Death,
NA,NA,NA,NA,NA,NA,NA,NA,[Death by Unknown means],
269,Unknown,26 Sep 1995,118,146,SAO PAULO,1995-09-26,21107,Birth,
NA,NA,NA,NA,NA,NA,1995-09-26,NA,Death,
NA,NA,NA,NA,NA,NA,NA,NA,[Death by Stillbirth  Unknown  No necropsy planned],
270,Unknown,26 Sep 1995,118,146,SAO PAULO,1995-09-26,22108,Birth,
NA,NA,NA,NA,NA,NA,1995-10-13,NA,Death,
NA,NA,NA,NA,NA,NA,NA,NA,[Death by Unknown means],
271,Unknown,20 Oct 1995,96,91,SAO PAULO,1995-10-20,22164,Birth,
NA,NA,NA,NA,NA,NA,1998-02-19,NA,Death,
NA,NA,NA,NA,NA,NA,NA,NA,[Death by Unknown means],
272,Unknown,23 Oct 1995,45,127,SAO PAULO,1995-10-23,22167,Birth,
NA,NA,NA,NA,NA,NA,1995-10-23,NA,Death,
NA,NA,NA,NA,NA,NA,NA,NA,[Death by Stillbirth  Unknown  No necropsy planned],
273,Female,24 Oct 1995,209,211,BRASILIA,1995-10-24,1488,Birth,PRETINHA
NA,NA,NA,NA,NA,NA,2002-09-11,NA,Death,
NA,NA,NA,NA,NA,NA,NA,NA,[Death by Other /Unknown  Mounted or Preserved BRASILIA  Digestive  Trauma],
274,Male,24 Oct 1995,209,211,BRASILIA,1995-10-24,1487,Birth,
NA,NA,NA,NA,NA,NA,1996-05-25,NA,Death,
NA,NA,NA,NA,NA,NA,NA,NA,[Death by Environ/Behav conditions  Mounted or Preserved BRASILIA  Necropsy planned later  Unknown after necropsy],
275,Unknown,17 Nov 1995,203,224,SOROCABA,1995-11-17,NA,Birth,
NA,NA,NA,NA,NA,NA,1996-03-06,NA,Death,
NA,NA,NA,NA,NA,NA,NA,NA,[Death by Injury from predator  Rendered  Unknown (after necropsy)],
276,Male,11 Dec 1995,77,208,RIO PRIM,1995-12-11,1625,Birth,
NA,NA,NA,NA,NA,NA,1995-12-21,NA,Death,
NA,NA,NA,NA,NA,NA,NA,NA,[Death by Unknown means],
277,Male,18 Dec 1995,75,95,SAO PAULO,1995-12-18,22343,Birth,
NA,NA,NA,NA,NA,NA,1996-02-24,NA,Death,
NA,NA,NA,NA,NA,NA,NA,NA,[Death by Unknown means],
278,Female,4 Oct 1994,96,91,SAO PAULO,1994-10-04,21712,Birth,
NA,NA,NA,NA,NA,NA,1996-01-01,21712,Transfer,
NA,NA,NA,NA,NA,NA,2004-01-28,NA,Death,
NA,NA,NA,NA,NA,NA,NA,NA,[Death by Infection associated  Unknown  Digestive  Protozoan],
279,Male,14 Jan 1996,165,163,RIO PRIM,1996-01-14,1630,Birth,
NA,NA,NA,NA,NA,NA,1998-09-13,NA,Death,
NA,NA,NA,NA,NA,NA,NA,NA,[Death by Unknown means],
280,Female,14 Jan 1996,165,163,RIO PRIM,1996-01-14,1631,Birth,
NA,NA,NA,NA,NA,NA,2002-03-13,NA,Death,
NA,NA,NA,NA,NA,NA,NA,NA,[Death by Unknown means],
281,Male,20 Feb 1996,106,125,JERSEY,1996-02-20,M2214,Birth,
NA,NA,NA,NA,NA,BRISTOL,1999-03-11,2769,Transfer,
NA,NA,NA,NA,NA,NA,2007-04-22,NA,Death,
NA,NA,NA,NA,NA,NA,NA,NA,[Death by Other /Unknown  Given to an institution EDINBURGH MUSEUM  Unknown (after necropsy)],
282,Unknown,20 Feb 1996,106,125,JERSEY,1996-02-20,M2215,Birth,
NA,NA,NA,NA,NA,NA,1996-02-23,NA,Death,
NA,NA,NA,NA,NA,NA,NA,NA,[Death by Unknown means],
283,Female,12 Apr 1996,193,174,MAGDEBURG,1996-04-12,184005,Birth,
NA,NA,NA,NA,NA,NA,2012-05-04,NA,Death,
NA,NA,NA,NA,NA,NA,NA,NA,[Death by Euthanasia (medical)  Incinerate   Unknown (after necropsy)],
284,Male,12 Apr 1996,193,174,MAGDEBURG,1996-04-12,184006,Birth,
NA,NA,NA,NA,NA,NA,2008-09-09,NA,Death,
NA,NA,NA,NA,NA,NA,NA,NA,[Death by Euthanasia (medical)  Incinerate   Unknown (after necropsy)],
285,Male,16 Sep 1996,165,163,RIO PRIM,1996-09-16,1694,Birth,
NA,NA,NA,NA,NA,NA,1998-09-21,NA,Death,
NA,NA,NA,NA,NA,NA,NA,NA,[Death by Unknown means],
286,Male,16 Sep 1996,165,163,RIO PRIM,1996-09-16,1695,Birth,
NA,NA,NA,NA,NA,NA,1998-09-18,NA,Death,
NA,NA,NA,NA,NA,NA,NA,NA,[Death by Unknown means],
287,Unknown,27 Sep 1996,209,211,BRASILIA,1996-09-27,NA,Birth,
NA,NA,NA,NA,NA,NA,1996-09-27,NA,Death,
NA,NA,NA,NA,NA,NA,NA,NA,[Death by Premature birth  Unknown  Unknown (after necropsy)],
288,Unknown,27 Sep 1996,209,211,BRASILIA,1996-09-27,NA,Birth,
NA,NA,NA,NA,NA,NA,1996-09-27,NA,Death,
NA,NA,NA,NA,NA,NA,NA,NA,[Death by Premature birth  Unknown  Unknown (after necropsy)],
289,Unknown,27 Sep 1996,209,211,BRASILIA,1996-09-27,NA,Birth,
NA,NA,NA,NA,NA,NA,1996-09-27,NA,Death,
NA,NA,NA,NA,NA,NA,NA,NA,[Death by Premature birth  Unknown  Unknown (after necropsy)],
290,Unknown,12 Dec 1996,96,91,SAO PAULO,1996-12-12,22880,Birth,
NA,NA,NA,NA,NA,NA,1997-03-28,NA,Death,
NA,NA,NA,NA,NA,NA,NA,NA,[Death by Unknown means],
291,Male,19 Dec 1996,118,146,SAO PAULO,1996-12-19,22882,Birth,
NA,NA,NA,NA,NA,NA,1997-02-20,NA,Death,
NA,NA,NA,NA,NA,NA,NA,NA,[Death by Unknown means],
292,Male,21 Dec 1996,194,196,ADELAIDE,1996-12-21,960513,Birth,
NA,NA,NA,NA,NA,NA,2011-11-15,NA,Death,
NA,NA,NA,NA,NA,NA,NA,NA,[Death by Euthanasia (medical)  Unknown  Unknown (after necropsy)],
293,Male,1997,WILD,WILD,WILD,1999-07-01,NA,Capture,
NA,NA,NA,NA,NA,RIO PRIM,1999-07-01,1926,Transfer,
NA,NA,NA,NA,NA,SAO CARLOS,2004-06-10,293,Transfer,
NA,NA,NA,NA,NA,SAO PAULO,2004-07-20,28549,Transfer,
NA,NA,NA,NA,NA,NA,2007-09-14,NA,Death,
NA,NA,NA,NA,NA,NA,NA,NA,[Death by Euthanasia (medical)  Unknown  Generalized  Unknown after necropsy],
294,Male,9 Jan 1997,195,220,JERSEY,1997-01-09,M2308,Birth,EPI
NA,NA,NA,NA,NA,BRISTOL,2007-09-13,9830,Transfer,
NA,NA,NA,NA,NA,NA,2011-01-13,NA,Death,
NA,NA,NA,NA,NA,NA,NA,NA,[Death by Euthanasia (medical)  Unknown  Unknown (after necropsy)],
295,Male,9 Jan 1997,195,220,JERSEY,1997-01-09,M2309,Birth,BLAS
NA,NA,NA,NA,NA,NA,2006-05-05,NA,Death,
NA,NA,NA,NA,NA,NA,NA,NA,[Death by Other /Unknown  Unknown  Necropsy planned later],
296,Female,29 Jan 1997,165,163,RIO PRIM,1997-01-29,1735,Birth,
NA,NA,NA,NA,NA,NA,1998-02-18,NA,Death,
NA,NA,NA,NA,NA,NA,NA,NA,[Death by Unknown means],
297,Male,29 Jan 1997,165,163,RIO PRIM,1997-01-29,1736,Birth,
NA,NA,NA,NA,NA,NA,1998-09-18,NA,Death,
NA,NA,NA,NA,NA,NA,NA,NA,[Death by Unknown means],
298,Female,29 Jan 1997,165,163,RIO PRIM,1997-01-29,1737,Birth,
NA,NA,NA,NA,NA,NA,1997-03-13,NA,Death,
NA,NA,NA,NA,NA,NA,NA,NA,[Death by Injury from predator  Unknown  Unknown (after necropsy)],
299,Female,11 Feb 1997,106,125,JERSEY,1997-02-11,M2320,Birth,LEONIE
NA,NA,NA,NA,NA,LISBON,2007-06-27,10170,Transfer,
NA,NA,NA,NA,NA,NA,2011-07-07,NA,Death,
NA,NA,NA,NA,NA,NA,NA,NA,[Death by Unknown means],
300,Male,2 Apr 1997,84,105,JERSEY,1997-04-02,M2332,Birth,LEONARDO
NA,NA,NA,NA,NA,RIO PRIM,1999-07-03,NA,Transfer,
NA,NA,NA,NA,NA,NA,1999-07-13,NA,Death,
NA,NA,NA,NA,NA,NA,NA,NA,[Death by Unknown means],
301,Female,2 Apr 1997,84,105,JERSEY,1997-04-02,M2333,Birth,1924
NA,NA,NA,NA,NA,RIO PRIM,1999-07-03,1924,Transfer,
NA,NA,NA,NA,NA,NA,2009-01-24,NA,Death,
NA,NA,NA,NA,NA,NA,NA,NA,[Death by Unknown means],
302,Female,18 May 1997,193,174,MAGDEBURG,1997-05-18,184007,Birth,MAGDA
NA,NA,NA,NA,NA,JERSEY,2007-09-04,M2982,Transfer,
NA,NA,NA,NA,NA,NA,2010-09-24,NA,Death,
NA,NA,NA,NA,NA,NA,NA,NA,[Death by Euthanasia (medical)  Unknown  Necropsy planned later  Unknown after necropsy],
303,Unknown,8 Jul 1997,195,220,JERSEY,1997-07-08,M2365,Birth,
NA,NA,NA,NA,NA,NA,1997-07-08,NA,Death,
NA,NA,NA,NA,NA,NA,NA,NA,[Death by Stillbirth  Unknown  No necropsy planned],
304,Unknown,8 Jul 1997,195,220,JERSEY,1997-07-08,M2366,Birth,
NA,NA,NA,NA,NA,NA,1997-07-08,NA,Death,
NA,NA,NA,NA,NA,NA,NA,NA,[Death by Stillbirth  Unknown  Unknown (after necropsy)],
305,Male,8 Aug 1997,106,125,JERSEY,1997-08-08,M2380,Birth,VANDALAI
NA,NA,NA,NA,NA,CHESTER,2006-11-17,C06826,Transfer,
NA,NA,NA,NA,NA,NA,2013-09-07,NA,Death,
NA,NA,NA,NA,NA,NA,NA,NA,[Death by Other /Unknown  Unknown  Necropsy done(no info)  Unknown after necropsy  Necropsy received],
306,Female,8 Aug 1997,106,125,JERSEY,1997-08-08,M2381,Birth,ROXANNE
NA,NA,NA,NA,NA,NA,2012-08-14,NA,Death,
NA,NA,NA,NA,NA,NA,NA,NA,[Death by Unknown means],
307,Male,26 Aug 1997,45,127,SAO PAULO,1997-08-26,23397,Birth,
NA,NA,NA,NA,NA,NA,1997-08-29,NA,Death,
NA,NA,NA,NA,NA,NA,NA,NA,[Death by Unknown means],
308,Male,8 Sep 1997,248,229,RIO PRIM,1997-09-08,1810,Birth,
NA,NA,NA,NA,NA,NA,2003-12-04,NA,Death,
NA,NA,NA,NA,NA,NA,NA,NA,[Death by SelfNAinflicted injuries  Mounted or Preserved 1557  Respiratory  Trauma],
309,Female,8 Sep 1997,248,229,RIO PRIM,1997-09-08,1811,Birth,
NA,NA,NA,NA,NA,NA,2000-08-30,NA,Death,
NA,NA,NA,NA,NA,NA,NA,NA,[Death by Unknown means],
310,Female,10 Sep 1997,165,163,RIO PRIM,1997-09-10,1812,Birth,
NA,NA,NA,NA,NA,NA,1998-09-20,NA,Death,
NA,NA,NA,NA,NA,NA,NA,NA,[Death by Unknown means],
311,Female,10 Sep 1997,165,163,RIO PRIM,1997-09-10,1813,Birth,
NA,NA,NA,NA,NA,NA,1998-09-14,NA,Death,
NA,NA,NA,NA,NA,NA,NA,NA,[Death by Unknown means],
312,Male,11 Oct 1997,71,143,RIO PRIM,1997-10-11,1821,Birth,
313,Male,11 Oct 1997,71,143,RIO PRIM,1997-10-11,1820,Birth,
NA,NA,NA,NA,NA,NA,1997-10-12,NA,Death,
NA,NA,NA,NA,NA,NA,NA,NA,[Death by Malicious destruction  Unknown  Unknown (after necropsy)],
314,Female,15 Nov 1997,202,236,RIO PRIM,1997-11-15,1831,Birth,
NA,NA,NA,NA,NA,NA,2003-09-25,NA,Death,
NA,NA,NA,NA,NA,NA,NA,NA,[Death by Other /Unknown  Mounted or Preserved 1551  Unknown (after necropsy)],
315,Female,15 Nov 1997,202,236,RIO PRIM,1997-11-15,1832,Birth,
NA,NA,NA,NA,NA,NA,2002-12-01,NA,Death,
NA,NA,NA,NA,NA,NA,NA,NA,[Death by Other /Unknown  Mounted or Preserved RIO PRIM  No necropsy planned],
316,Male,27 Dec 1997,251,266,RIO PRIM,1997-12-27,1837,Birth,
NA,NA,NA,NA,NA,NA,1999-09-14,NA,Death,
NA,NA,NA,NA,NA,NA,NA,NA,[Death by Unknown means],
317,Male,27 Dec 1997,251,266,RIO PRIM,1997-12-27,1838,Birth,
NA,NA,NA,NA,NA,SAO CARLOS,2004-06-10,317,Transfer,
NA,NA,NA,NA,NA,SAO PAULO,2004-07-20,28568,Transfer,
NA,NA,NA,NA,NA,NA,2005-02-10,NA,Death,
NA,NA,NA,NA,NA,NA,NA,NA,[Death by Unknown means],
318,Female,30 Dec 1997,84,105,JERSEY,1997-12-30,M2403,Birth,EVA 
NA,NA,NA,NA,NA,RIO PRIM,1999-07-03,1923__,Transfer,
NA,NA,NA,NA,NA,NA,2002-10-22,NA,Death,
NA,NA,NA,NA,NA,NA,NA,NA,[Death by Unknown means],
319,Female,30 Dec 1997,84,105,JERSEY,1997-12-30,M2404,Birth,
NA,NA,NA,NA,NA,NA,1997-12-30,NA,Death,
NA,NA,NA,NA,NA,NA,NA,NA,[Death by Unknown means],
320,Male,28 Jan 1998,215,254,BELFAST,1998-01-28,3060,Birth,
NA,NA,NA,NA,NA,NA,1998-01-31,NA,Death,
NA,NA,NA,NA,NA,NA,NA,NA,[Death by Other /Unknown  Incinerate   Unknown (after necropsy)],
321,Male,28 Jan 1998,215,254,BELFAST,1998-01-28,3061,Birth,
NA,NA,NA,NA,NA,NA,1998-01-31,NA,Death,
NA,NA,NA,NA,NA,NA,NA,NA,[Death by Other /Unknown  Incinerate   Unknown (after necropsy)],
322,Unknown,6 Apr 1998,193,174,MAGDEBURG,1998-04-06,281009,Birth,
NA,NA,NA,NA,NA,NA,1998-04-09,NA,Death,
NA,NA,NA,NA,NA,NA,NA,NA,[Death by Injury from exhibit mate Bury  No necropsy planned],
323,Female,6 Apr 1998,193,174,MAGDEBURG,1998-04-06,184010,Birth,
NA,NA,NA,NA,NA,NA,2007-10-11,NA,Death,
NA,NA,NA,NA,NA,NA,NA,NA,[Death by Euthanasia (medical)  Incinerate   Generalized  Bacterial],
324,Female,14 Apr 1998,219,217,BELFAST,1998-04-14,3122,Birth,
NA,NA,NA,NA,NA,NA,2002-05-01,NA,Death,
NA,NA,NA,NA,NA,NA,NA,NA,[Death by Unknown means],
325,Male,14 Apr 1998,219,217,BELFAST,1998-04-14,3123,Birth,
NA,NA,NA,NA,NA,NA,1998-04-14,NA,Death,
NA,NA,NA,NA,NA,NA,NA,NA,[Death by Stillbirth  Incinerate   Unknown (after necropsy)],
326,Male,20 Apr 1998,106,125,JERSEY,1998-04-20,M2435,Birth,
NA,NA,NA,NA,NA,NA,2006-03-04,NA,Death,
NA,NA,NA,NA,NA,NA,NA,NA,[Death by Unknown means],
327,Male,20 Apr 1998,106,125,JERSEY,1998-04-20,M2436,Birth,ARCHIE
NA,NA,NA,NA,NA,NA,2013-05-17,NA,Death,
NA,NA,NA,NA,NA,NA,NA,NA,[Death by Infection associated  Mounted or Preserved  Generalized  Unknown after necropsy  Necropsy received],
328,Female,11 Aug 1998,195,220,JERSEY,1998-08-11,M2460,Birth,COCO
NA,NA,NA,NA,NA,MAGDEBURG,2007-09-06,184014,Transfer,
NA,NA,NA,NA,NA,NA,2007-11-19,NA,Death,
NA,NA,NA,NA,NA,NA,NA,NA,[Death by Euthanasia (medical)  Incinerate   Digestive  Nutrition],
329,Male,28 Sep 1998,202,236,RIO PRIM,1998-09-28,1869,Birth,
NA,NA,NA,NA,NA,NA,2001-05-18,NA,Death,
NA,NA,NA,NA,NA,NA,NA,NA,[Death by Infection associated  Unknown  Respiratory  Unknown after necropsy],
330,Female,28 Sep 1998,202,236,RIO PRIM,1998-09-28,1870,Birth,
NA,NA,NA,NA,NA,NA,2002-10-30,NA,Death,
NA,NA,NA,NA,NA,NA,NA,NA,[Death by Other /Unknown  Mounted or Preserved RIO PRIM  No necropsy planned],
331,Male,15 Nov 1998,215,254,BELFAST,1998-11-15,3366,Birth,
NA,NA,NA,NA,NA,NA,1998-11-15,NA,Death,
NA,NA,NA,NA,NA,NA,NA,NA,[Death by Stillbirth  Incinerate   Unknown (after necropsy)],
332,Male,15 Nov 1998,215,254,BELFAST,1998-11-15,3367,Birth,STICKY
NA,NA,NA,NA,NA,JERSEY,2011-10-20,M3179,Transfer,
333,Male,15 Nov 1998,215,254,BELFAST,1998-11-15,3368,Birth,ERIC
NA,NA,NA,NA,NA,KREFELD,2007-11-20,1839__,Transfer,
NA,NA,NA,NA,NA,MAGDEBURG,2008-11-03,184017,Transfer,
334,Male,17 Nov 1998,251,266,RIO PRIM,1998-11-17,1879,Birth,
NA,NA,NA,NA,NA,NA,2005-06-28,NA,Death,
NA,NA,NA,NA,NA,NA,NA,NA,[Death by Unknown means],
335,Male,17 Nov 1998,251,266,RIO PRIM,1998-11-17,1880,Birth,
NA,NA,NA,NA,NA,M DIABO,2000-09-15,NA,Release,
NA,NA,NA,NA,NA,M DIABO,2001-03-01,NA,Death,
NA,NA,NA,NA,NA,NA,NA,NA,[Death by Injury from predator  Incinerate   Unknown (after necropsy)],
336,Female,18 Dec 1998,71,280,RIO PRIM,1998-12-18,1886,Birth,
NA,NA,NA,NA,NA,NA,1999-09-26,NA,Death,
NA,NA,NA,NA,NA,NA,NA,NA,[Death by Unknown means],
337,Female,18 Dec 1998,71,280,RIO PRIM,1998-12-18,1885,Birth,
NA,NA,NA,NA,NA,NA,2002-12-01,NA,Death,
NA,NA,NA,NA,NA,NA,NA,NA,[Death by Unknown means],
338,Unknown,23 Jan 1999,248,229,RIO PRIM,1999-01-23,1899,Birth,
NA,NA,NA,NA,NA,NA,1999-01-23,NA,Death,
NA,NA,NA,NA,NA,NA,NA,NA,[Death by Unknown means],
339,Female,23 Jan 1999,248,229,RIO PRIM,1999-01-23,1898,Birth,
NA,NA,NA,NA,NA,NA,2005-06-28,NA,Death,
NA,NA,NA,NA,NA,NA,NA,NA,[Death by Unknown means],
340,Unknown,7 Feb 1999,193,174,MAGDEBURG,1999-02-07,281101,Birth,
NA,NA,NA,NA,NA,NA,1999-02-07,NA,Death,
NA,NA,NA,NA,NA,NA,NA,NA,[Death by Unknown means],
341,Unknown,7 Feb 1999,193,174,MAGDEBURG,1999-02-07,211012,Birth,
NA,NA,NA,NA,NA,NA,1999-02-11,NA,Death,
NA,NA,NA,NA,NA,NA,NA,NA,[Death by Unknown means],
342,Unknown,5 Apr 1999,195,220,JERSEY,1999-04-05,M2519,Birth,
NA,NA,NA,NA,NA,NA,1999-04-05,NA,Death,
NA,NA,NA,NA,NA,NA,NA,NA,[Death by Unknown means],
343,Unknown,21 Apr 1999,106,125,JERSEY,1999-04-21,M2529,Birth,
NA,NA,NA,NA,NA,NA,1999-04-21,NA,Death,
NA,NA,NA,NA,NA,NA,NA,NA,[Death by Unknown means],
344,Unknown,21 Apr 1999,106,125,JERSEY,1999-04-21,M2530,Birth,
NA,NA,NA,NA,NA,NA,1999-04-21,NA,Death,
NA,NA,NA,NA,NA,NA,NA,NA,[Death by Unknown means],
345,Female,22 Jul 1999,193,174,MAGDEBURG,1999-07-22,184013,Birth,
NA,NA,NA,NA,NA,KREFELD,2007-11-01,1838__,Transfer,
NA,NA,NA,NA,NA,NA,2008-09-26,NA,Death,
NA,NA,NA,NA,NA,NA,NA,NA,[Death by Infection associated  Given to an institution VETINSTKR  Respiratory  Bacterial],
346,Male,23 Jul 1999,222,127,SAO PAULO,1999-07-23,24568,Birth,
NA,NA,NA,NA,NA,NA,1999-07-25,NA,Death,
NA,NA,NA,NA,NA,NA,NA,NA,[Death by Unknown means],
347,Female,23 Jul 1999,222,127,SAO PAULO,1999-07-23,24569,Birth,
NA,NA,NA,NA,NA,NA,1999-07-25,NA,Death,
NA,NA,NA,NA,NA,NA,NA,NA,[Death by Unknown means],
348,Female,16 Aug 1999,195,220,JERSEY,1999-08-16,M2556,Birth,TAVO
NA,NA,NA,NA,NA,MAGDEBURG,2008-09-09,184016,Transfer,
349,Female,16 Aug 1999,195,220,JERSEY,1999-08-16,M2557,Birth,TRIQUI
350,Unknown,19 Aug 1999,75,240,SAO PAULO,1999-08-19,24611,Birth,
NA,NA,NA,NA,NA,NA,1999-08-19,NA,Death,
NA,NA,NA,NA,NA,NA,NA,NA,[Death by Stillbirth  Unknown  Unknown (after necropsy)],
351,Female,14 Sep 1999,223,240,SAO PAULO,1999-09-14,24637,Birth,
NA,NA,NA,NA,NA,NA,2002-03-13,NA,Death,
NA,NA,NA,NA,NA,NA,NA,NA,[Death by Other /Unknown  Unknown  Generalized  Viral],
352,Female,30 Sep 1999,251,266,RIO PRIM,1999-09-30,1930,Birth,
NA,NA,NA,NA,NA,SAO CARLOS,2004-06-10,352,Transfer,
353,Male,11 Oct 1999,209,211,BRASILIA,1999-10-11,1719,Birth,tupi
NA,NA,NA,NA,NA,NA,2002-07-02,NA,Death,
NA,NA,NA,NA,NA,NA,NA,NA,[Death by Other /Unknown  Mounted or Preserved BRASILIA  Digestive  Trauma],
354,Female,11 Oct 1999,209,211,BRASILIA,1999-10-11,1720,Birth,CAJA
NA,NA,NA,NA,NA,SAO PAULO,2006-08-24,29312,Transfer,
NA,NA,NA,NA,NA,NA,2008-11-16,NA,Death,
NA,NA,NA,NA,NA,NA,NA,NA,[Death by Unknown means],
355,Female,15 Oct 1999,239,370,SAO PAULO,1999-10-15,24676,Birth,
NA,NA,NA,NA,NA,SOROCABA,2006-08-10,355,Transfer,
NA,NA,NA,NA,NA,NA,2012-07-30,NA,Death,
NA,NA,NA,NA,NA,NA,NA,NA,[Death by Unknown means],
356,Unknown,16 Oct 1999,268,278,SAO PAULO,1999-10-16,24678,Birth,
NA,NA,NA,NA,NA,NA,1999-10-16,NA,Death,
NA,NA,NA,NA,NA,NA,NA,NA,[Death by Stillbirth  Unknown  Unknown (after necropsy)],
357,Male,15 Nov 1999,71,280,RIO PRIM,1999-11-15,1933,Birth,
NA,NA,NA,NA,NA,M DIABO,2000-09-15,NA,Release,
NA,NA,NA,NA,NA,NA,2005-06-23,NA,Death,
NA,NA,NA,NA,NA,NA,NA,NA,[Death by Other /Unknown  Incinerate   Unknown (after necropsy)],
358,Male,7 Dec 1999,222,127,SAO PAULO,1999-12-07,24778,Birth,
NA,NA,NA,NA,NA,NA,2005-02-18,NA,Death,
NA,NA,NA,NA,NA,NA,NA,NA,[Death by Unknown means],
359,Unknown,15 Dec 1999,268,278,SAO PAULO,1999-12-15,24790,Birth,
NA,NA,NA,NA,NA,NA,1999-12-15,NA,Death,
NA,NA,NA,NA,NA,NA,NA,NA,[Death by Unknown means],
360,Unknown,15 Dec 1999,268,278,SAO PAULO,1999-12-15,24791,Birth,
NA,NA,NA,NA,NA,NA,1999-12-15,NA,Death,
NA,NA,NA,NA,NA,NA,NA,NA,[Death by Unknown means],
363,Female,11 Oct 2000,209,211,BRASILIA,2000-10-11,1769,Birth,LUANA
NA,NA,NA,NA,NA,NA,2011-07-26,NA,Death,
NA,NA,NA,NA,NA,NA,NA,NA,[Death by Unknown means],
364,Female,11 Oct 2000,209,211,BRASILIA,2000-10-11,1771,Birth,JAVIER
NA,NA,NA,NA,NA,NA,2004-02-20,NA,Death,
NA,NA,NA,NA,NA,NA,NA,NA,[Death by Infection associated  Mounted or Preserved  Digestive  Bacterial],
365,Male,8 Nov 2000,308,246,RIO PRIM,2000-11-08,1994,Birth,
NA,NA,NA,NA,NA,NA,2001-01-12,NA,Death,
NA,NA,NA,NA,NA,NA,NA,NA,[Death by Environ/Behav conditions  Unknown  Unknown (after necropsy)],
366,Female,8 Nov 2000,308,246,RIO PRIM,2000-11-08,1995,Birth,
367,Male,14 Nov 2000,71,280,RIO PRIM,2000-11-14,1996,Birth,
NA,NA,NA,NA,NA,NA,2013-02-07,NA,Death,
NA,NA,NA,NA,NA,NA,NA,NA,[Death by Other /Unknown  Unknown  Necropsy done(no info)  Unknown after necropsy  Necropsy not received],
368,Male,14 Nov 2000,71,280,RIO PRIM,2000-11-14,1997,Birth,
NA,NA,NA,NA,NA,NA,2002-10-27,NA,Death,
NA,NA,NA,NA,NA,NA,NA,NA,[Death by Unknown means],
369,Male,22 Sep 1997,96,91,SAO PAULO,1997-09-22,23445,Birth,
NA,NA,NA,NA,NA,NA,2004-12-06,NA,Death,
NA,NA,NA,NA,NA,NA,NA,NA,[Death by Other /Unknown  Unknown  Musculoskeletal  Trauma],
370,Female,16 Dec 1997,96,91,SAO PAULO,1997-12-16,23446,Birth,
NA,NA,NA,NA,NA,NA,2002-11-28,NA,Death,
NA,NA,NA,NA,NA,NA,NA,NA,[Death by Infection associated  Unknown Reproductive  Bacterial],
371,Male,17 Dec 1998,195,220,JERSEY,1998-12-17,M2459,Birth,ELMO
NA,NA,NA,NA,NA,NA,2009-07-03,NA,Death,
NA,NA,NA,NA,NA,NA,NA,NA,[Death by Anesth/Restraint assoc  Unknown  Necropsy planned later  Unknown after necropsy],
372,Male,17 Dec 1998,195,220,JERSEY,1998-12-17,M2459,Birth,ELMO
NA,NA,NA,NA,NA,NA,2005-06-26,NA,Death,
NA,NA,NA,NA,NA,NA,NA,NA,[Death by Unknown means],
373,Female,18 Oct 1999,239,370,SAO PAULO,1999-10-18,24676,Birth,
NA,NA,NA,NA,NA,NA,1999-10-18,NA,Death,
NA,NA,NA,NA,NA,NA,NA,NA,[Death by Unknown means],
374,Male,15 Oct 1999,239,370,SAO PAULO,1999-10-15,24677,Birth,
NA,NA,NA,NA,NA,NA,2004-03-11,NA,Death,
NA,NA,NA,NA,NA,NA,NA,NA,[Death by Other /Unknown  Unknown  Generalized  Toxicity],
375,Female,16 May 2000,219,217,BELFAST,2000-05-16,3802,Birth,
NA,NA,NA,NA,NA,NA,2008-10-07,NA,Death,
NA,NA,NA,NA,NA,NA,NA,NA,[Death by Euthanasia (medical)  Given to an institution  Unknown (after necropsy)],
376,Unknown,27 Sep 2000,223,240,SAO PAULO,2000-09-27,25181,Birth,
NA,NA,NA,NA,NA,NA,2000-09-27,NA,Death,
NA,NA,NA,NA,NA,NA,NA,NA,[Death by Stillbirth  Unknown  No necropsy planned],
377,Male,1 Oct 2000,75,171,SAO PAULO,2000-10-01,25200,Birth,
NA,NA,NA,NA,NA,BRASILIA,2006-08-31,377,Transfer,
NA,NA,NA,NA,NA,NA,2009-05-15,NA,Death,
NA,NA,NA,NA,NA,NA,NA,NA,[Death by Unknown means],
378,Male,27 Dec 2000,222,127,SAO PAULO,2000-12-27,25350,Birth,
NA,NA,NA,NA,NA,NA,2000-12-28,NA,Death,
NA,NA,NA,NA,NA,NA,NA,NA,[Death by Unknown means],
379,Male,27 Dec 2000,222,127,SAO PAULO,2000-12-27,25351,Birth,
NA,NA,NA,NA,NA,BRASILIA,2003-08-18,379,Transfer,
NA,NA,NA,NA,NA,NA,2004-02-14,NA,Death,
NA,NA,NA,NA,NA,NA,NA,NA,[Death by Infection associated  Mounted or Preserved BRASILIA  Digestive  Bacterial],
380,Unknown,14 Mar 2001,215,254,BELFAST,2001-03-14,3968,Birth,
NA,NA,NA,NA,NA,NA,2001-03-18,NA,Death,
NA,NA,NA,NA,NA,NA,NA,NA,[Death by Unknown means],
381,Unknown,24 Jul 2001,215,254,BELFAST,2001-07-24,4090,Birth,
NA,NA,NA,NA,NA,NA,2001-07-27,NA,Death,
NA,NA,NA,NA,NA,NA,NA,NA,[Death by Unknown means],
382,Male,24 Aug 2001,222,127,SAO PAULO,2001-08-24,26110,Birth,
NA,NA,NA,NA,NA,NA,2001-08-24,NA,Death,
NA,NA,NA,NA,NA,NA,NA,NA,[Death by Stillbirth  Unknown  Generalized Circulatory, secondary]
383,Female,24 Aug 2001,222,127,SAO PAULO,2001-08-24,26111,Birth,
NA,NA,NA,NA,NA,NA,2001-08-24,NA,Death,
NA,NA,NA,NA,NA,NA,NA,NA,[Death by Stillbirth  Unknown  Generalized Circulatory, secondary]
384,Male,31 Oct 2001,308,337,RIO PRIM,2001-10-31,2034,Birth,
385,Male,31 Oct 2001,308,337,RIO PRIM,2001-10-31,2035,Birth,
NA,NA,NA,NA,NA,SAO PAULO,2008-02-14,29697,Transfer,
386,Male,31 Oct 2001,71,280,RIO PRIM,2001-10-31,2037,Birth,
NA,NA,NA,NA,NA,SAO CARLOS,2008-01-16,F399,Transfer,
387,Male,31 Oct 2001,71,280,RIO PRIM,2001-10-31,2038,Birth,
388,Unknown,28 Dec 2001,215,254,BELFAST,2001-12-28,4153,Birth,
NA,NA,NA,NA,NA,NA,2001-12-29,NA,Death,
NA,NA,NA,NA,NA,NA,NA,NA,[Death by Injury from exhibit mate  Incinerate   Unknown (after necropsy)],
389,Male,1 Jan 2002,UNK,127,SAO PAULO,2002-01-01,27081,Birth,
NA,NA,NA,NA,NA,NA,2002-01-01,NA,Death,
NA,NA,NA,NA,NA,NA,NA,NA,[Death by Other /Unknown  Unknown  Generalized  Nutrition],
390,Male,1 Jan 2002,UNK,127,SAO PAULO,2002-01-01,27082,Birth,
NA,NA,NA,NA,NA,NA,2002-01-02,NA,Death,
NA,NA,NA,NA,NA,NA,NA,NA,[Death by Other /Unknown  Unknown  Generalized  Trauma],
391,Male,12 Jan 2002,239,370,SAO PAULO,2002-01-12,27097,Birth,
NA,NA,NA,NA,NA,SAO CARLOS,2004-03-16,391,Transfer,
392,Male,12 Jan 2002,239,370,SAO PAULO,2002-01-12,27098,Birth,
393,Unknown,5 Feb 2002,106,UNK,JERSEY,2002-02-05,NA,Birth,
NA,NA,NA,NA,NA,NA,2002-02-05,NA,Death,
NA,NA,NA,NA,NA,NA,NA,NA,[Death by Unknown means],
394,Female,27 Feb 2002,195,220,JERSEY,2002-02-27,NA,Birth,
NA,NA,NA,NA,NA,NA,2002-04-07,NA,Death,
NA,NA,NA,NA,NA,NA,NA,NA,[Death by Unknown means],
395,Male,2 Jun 2002,215,254,BELFAST,2002-06-02,5021,Birth,
NA,NA,NA,NA,NA,NA,2002-06-03,NA,Death,
NA,NA,NA,NA,NA,NA,NA,NA,[Death by Other /Unknown  Unknown  Respiratory  Mechanical abnormality],
396,Unknown,2 Jun 2002,215,254,BELFAST,2002-06-02,5022,Birth,
NA,NA,NA,NA,NA,NA,2002-06-04,NA,Death,
NA,NA,NA,NA,NA,NA,NA,NA,[Death by Unknown means],
397,Female,19 Aug 2002,195,220,JERSEY,2002-08-19,M2771,Birth,BERTHA
NA,NA,NA,NA,NA,CHESTER,2008-09-22,C08579,Transfer,
NA,NA,NA,NA,NA,JERSEY,2014-02-26,M2771,Loan to,
398,Female,19 Aug 2002,195,220,JERSEY,2002-08-19,M2772,Birth,ERNIE
399,Female,19 Sep 2002,308,337,RIO PRIM,2002-09-19,2078,Birth,
NA,NA,NA,NA,NA,SAO CARLOS,2004-06-10,F399,Transfer,
400,Female,19 Sep 2002,308,337,RIO PRIM,2002-09-19,2079,Birth,
401,Unknown,4 Oct 2002,207,240,SAO PAULO,2002-10-04,27764,Birth,
NA,NA,NA,NA,NA,NA,2011-02-25,NA,Death,
NA,NA,NA,NA,NA,NA,NA,NA,[Death by Stillbirth  Unknown  No necropsy planned],
402,Unknown,4 Oct 2002,207,240,SAO PAULO,2002-10-04,27765,Birth,
NA,NA,NA,NA,NA,NA,2002-10-04,NA,Death,
NA,NA,NA,NA,NA,NA,NA,NA,[Death by Stillbirth  Unknown  No necropsy planned],
403,Unknown,30 Oct 2002,264,330,RIO PRIM,2002-10-30,2092,Birth,
NA,NA,NA,NA,NA,NA,2002-10-30,NA,Death,
NA,NA,NA,NA,NA,NA,NA,NA,[Death by Stillbirth  Mounted or Preserved RIO PRIM  No necropsy planned],
404,Unknown,4 Nov 2002,215,254,BELFAST,2002-11-04,5095,Birth,
NA,NA,NA,NA,NA,NA,2002-11-05,NA,Death,
NA,NA,NA,NA,NA,NA,NA,NA,[Death by Unknown means],
405,Unknown,4 Nov 2002,215,254,BELFAST,2002-11-04,5096,Birth,
NA,NA,NA,NA,NA,NA,2002-11-06,NA,Death,
NA,NA,NA,NA,NA,NA,NA,NA,[Death by Unknown means],
406,Unknown,5 Dec 2002,268,278,SAO PAULO,2002-12-05,27870,Birth,
NA,NA,NA,NA,NA,NA,2002-12-05,NA,Death,
NA,NA,NA,NA,NA,NA,NA,NA,[Death by Stillbirth  Unknown  No necropsy planned],
407,Unknown,18 Feb 2003,308,337,RIO PRIM,2003-02-18,2108,Birth,
NA,NA,NA,NA,NA,NA,2003-04-30,NA,Death,
NA,NA,NA,NA,NA,NA,NA,NA,[Death by Unknown means],
408,Female,18 Feb 2003,308,337,RIO PRIM,2003-02-18,2109,Birth,
409,Male,2 Mar 2003,195,220,JERSEY,2003-03-02,M2802,Birth,FLUFFY
NA,NA,NA,NA,NA,NA,2013-04-15,NA,Death,
NA,NA,NA,NA,NA,NA,NA,NA,[Death by Euthanasia (medical)  Mounted or Preserved  Generalized  Unknown after necropsy  Necropsy received],
410,Male,6 Aug 2003,195,220,JERSEY,2003-08-06,M2820,Birth,LENNY
411,Male,17 Sep 2003,293,301,RIO PRIM,2003-09-17,2120,Birth,
NA,NA,NA,NA,NA,NA,2005-06-28,NA,Death,
NA,NA,NA,NA,NA,NA,NA,NA,[Death by Unknown means],
412,Male,17 Sep 2003,293,301,RIO PRIM,2003-09-17,2121,Birth,
NA,NA,NA,NA,NA,SAO PAULO,2008-07-29,29791,Transfer,
413,Male,3 Jan 2004,292,198,ADELAIDE,2004-01-03,A40016,Birth,
NA,NA,NA,NA,NA,NA,2004-01-03,NA,Death,
NA,NA,NA,NA,NA,NA,NA,NA,[Death by Stillbirth  Mounted or Preserved ADELAIDE  No necropsy planned],
414,Female,3 Jan 2004,292,198,ADELAIDE,2004-01-03,A40017,Birth,
NA,NA,NA,NA,NA,NA,2004-01-03,NA,Death,
NA,NA,NA,NA,NA,NA,NA,NA,[Death by Stillbirth  Mounted or Preserved ADELAIDE  No necropsy planned],
415,Female,3 Jan 2004,292,198,ADELAIDE,2004-01-03,A40018,Birth,
NA,NA,NA,NA,NA,NA,2004-01-03,NA,Death,
NA,NA,NA,NA,NA,NA,NA,NA,[Death by Stillbirth  Mounted or Preserved ADELAIDE  No necropsy planned],
416,Female,3 Feb 2004,358,211,SAO PAULO,2004-02-03,28407,Birth,
NA,NA,NA,NA,NA,NA,2004-02-03,NA,Death,
NA,NA,NA,NA,NA,NA,NA,NA,[Death by Stillbirth  Unknown  Unknown (after necropsy)],
417,Unknown,3 Feb 2004,358,211,SAO PAULO,2004-02-03,28408,Birth,
NA,NA,NA,NA,NA,NA,2004-02-03,NA,Death,
NA,NA,NA,NA,NA,NA,NA,NA,[Death by Stillbirth  Unknown  Unknown (after necropsy)],
418,Female,10 Feb 2004,195,220,JERSEY,2004-02-10,M2844,Birth,GIRL
NA,NA,NA,NA,NA,NA,2004-02-13,NA,Death,
NA,NA,NA,NA,NA,NA,NA,NA,[Death by Other /Unknown  Unknown  Necropsy planned later],
419,Male,10 Feb 2004,195,220,JERSEY,2004-02-10,M2845,Birth,RUNT
NA,NA,NA,NA,NA,LISBON,2007-06-27,10169,Transfer,
NA,NA,NA,NA,NA,JERSEY,2013-11-26,M2845,Transfer,
420,Male,10 Feb 2004,195,220,JERSEY,2004-02-10,M2846,Birth,BIG BOY
NA,NA,NA,NA,NA,MAGDEBURG,2007-09-07,184015,Transfer,
NA,NA,NA,NA,NA,LA PALMYR,2008-11-05,4888,Transfer,
NA,NA,NA,NA,NA,NA,2013-03-02,NA,Death,
NA,NA,NA,NA,NA,NA,NA,NA,[Death by Other /Unknown  Unknown  Necropsy done(no info)  Unknown after necropsy  Necropsy received],
421,Female,4 Oct 2004,293,301,RIO PRIM,2004-10-04,2154,Birth,
NA,NA,NA,NA,NA,SAO PAULO,2006-09-27,29348,Transfer,
422,Female,4 Oct 2004,293,301,RIO PRIM,2004-10-04,2155,Birth,
NA,NA,NA,NA,NA,SAO PAULO,2012-12-19,30899,Transfer,
423,Male,1997,WILD,WILD,SOROCABA,2003-11-01,000,Transfer,
NA,NA,NA,NA,NA,NA,2011-07-31,NA,Death,
NA,NA,NA,NA,NA,NA,NA,NA,[Death by Unknown means],
424,Male,14 Dec 2005,312,408,RIO PRIM,2005-12-14,2232,Birth,
425,Male,27 Sep 2006,312,408,RIO PRIM,2006-09-27,2266,Birth,
426,Male,27 Sep 2006,312,408,RIO PRIM,2006-09-27,2265,Birth,
NA,NA,NA,NA,NA,NA,2006-09-29,NA,Death,
NA,NA,NA,NA,NA,NA,NA,NA,[Death by Environ/Behav conditions  Mounted or Preserved RIO PRIM 1648  No necropsy planned],
427,Male,13 Feb 2007,312,408,RIO PRIM,2007-02-13,2288,Birth,
428,Male,13 Feb 2007,312,408,RIO PRIM,2007-02-13,2289,Birth,
429,Male,17 May 2010,409,306,JERSEY,2010-05-17,M3108,Birth,
NA,NA,NA,NA,NA,NA,2010-05-17,NA,Death,
NA,NA,NA,NA,NA,NA,NA,NA,[Death by Stillbirth  Unknown  Necropsy planned later  Unknown after necropsy],
430,Female,????,WILD,WILD,BURI,2005-06-29,NA,Capture,KINHA
NA,NA,NA,NA,NA,SAO PAULO,2007-10-01,29597,Transfer,
431,Male,26 Oct 2007,312,408,RIO PRIM,2007-10-26,2311,Birth,
432,Female,11 Apr 2007,263,421,SAO PAULO,2007-04-11,29450,Birth,
433,Male,26 Oct 2007,312,408,RIO PRIM,2007-10-26,2310,Birth,
NA,NA,NA,NA,NA,NA,2008-01-09,NA,Death,
NA,NA,NA,NA,NA,NA,NA,NA,[Death by Other /Unknown  Unknown  Necropsy done(no info)  Unknown after necropsy  Necropsy not received],
436,Female,29 Sep 2008,312,408,RIO PRIM,2008-09-29,2356,Birth,
437,Male,27 Oct 2008,412,400,RIO PRIM,2008-10-27,2383,Birth,
438,Unknown,9 Jan 1997,195,220,JERSEY,1997-01-09,M2307,Birth,
NA,NA,NA,NA,NA,NA,1997-01-09,NA,Death,
NA,NA,NA,NA,NA,NA,NA,NA,[Death by Other /Unknown  Incinerate  Hemic/Lymph Trauma],
439,Female,11 Feb 1997,106,125,JERSEY,1997-02-11,M2321,Birth,
NA,NA,NA,NA,NA,NA,1997-02-13,NA,Death,
NA,NA,NA,NA,NA,NA,NA,NA,[Death by Unknown means],
440,Unknown,18 May 1997,193,174,MAGDEBURG,1997-05-18,184008,Birth,
NA,NA,NA,NA,NA,NA,1997-05-19,NA,Death,
NA,NA,NA,NA,NA,NA,NA,NA,[Death by Environ/Behav conditions  Unknown  No necropsy planned],
441,Female,????,WILD,WILD,UNKNOWN,NA,NA,Capture,
NA,NA,NA,NA,NA,PRIVATE,1998-08-01,NA,Transfer,
NA,NA,NA,NA,NA,SOROCABA,1998-08-02,DV0004,Transfer,
NA,NA,NA,NA,NA,NA,1999-02-23,NA,Death,
NA,NA,NA,NA,NA,NA,NA,NA,[Death by Infection associated  Mounted or Preserved  No necropsy planned],
442,Unknown,30 Mar 1998,195,220,JERSEY,1998-03-30,M2425,Birth,
NA,NA,NA,NA,NA,NA,1998-03-30,NA,Death,
NA,NA,NA,NA,NA,NA,NA,NA,[Death by Unknown means],
443,Unknown,30 Mar 1998,195,220,JERSEY,1998-03-30,M2426,Birth,
NA,NA,NA,NA,NA,NA,1998-03-30,NA,Death,
NA,NA,NA,NA,NA,NA,NA,NA,[Death by Unknown means],
444,Unknown,29 Sep 1998,84,105,JERSEY,1998-09-29,M2471,Birth,
NA,NA,NA,NA,NA,NA,1998-09-29,NA,Death,
NA,NA,NA,NA,NA,NA,NA,NA,[Death by Stillbirth  Unknown  Unknown (after necropsy)],
445,Unknown,29 Sep 1998,84,105,JERSEY,1998-09-29,M2472,Birth,
NA,NA,NA,NA,NA,NA,1998-09-29,NA,Death,
NA,NA,NA,NA,NA,NA,NA,NA,[Death by Stillbirth  Unknown  Unknown (after necropsy)],
446,Unknown,16 May 2000,219,217,BELFAST,2000-05-16,3803,Birth,
NA,NA,NA,NA,NA,NA,2000-05-16,NA,Death,
NA,NA,NA,NA,NA,NA,NA,NA,[Death by Injury from exhibit mate  Unknown  Unknown (after necropsy)],
447,Unknown,13 Sep 2002,292,198,ADELAIDE,2002-09-13,A20872,Birth,
NA,NA,NA,NA,NA,NA,2002-09-13,NA,Death,
NA,NA,NA,NA,NA,NA,NA,NA,[Death by Unknown means],
448,Unknown,21 Jan 2003,292,198,ADELAIDE,2003-01-21,A30890,Birth,
NA,NA,NA,NA,NA,NA,2003-09-13,NA,Death,
NA,NA,NA,NA,NA,NA,NA,NA,[Death by Unknown means],
449,Unknown,2 Mar 2003,195,220,JERSEY,2003-03-02,M2803,Birth,
NA,NA,NA,NA,NA,NA,2003-03-07,NA,Death,
NA,NA,NA,NA,NA,NA,NA,NA,[Death by Unknown means],
450,Female,2 Mar 2003,195,220,JERSEY,2003-03-02,M2804,Birth,
NA,NA,NA,NA,NA,NA,2003-03-07,NA,Death,
NA,NA,NA,NA,NA,NA,NA,NA,[Death by Unknown means],
451,Male,6 Aug 2003,195,220,JERSEY,2003-08-06,M2821,Birth,
NA,NA,NA,NA,NA,NA,2003-08-10,NA,Death,
NA,NA,NA,NA,NA,NA,NA,NA,[Death by Unknown means],
452,Female,6 Aug 2003,195,220,JERSEY,2003-08-06,M2822,Birth,
NA,NA,NA,NA,NA,NA,2003-08-16,NA,Death,
NA,NA,NA,NA,NA,NA,NA,NA,[Death by Unknown means],
453,Female,26 Dec 2004,215,254,BELFAST,2004-12-26,5436,Birth,
NA,NA,NA,NA,NA,NA,2004-12-26,NA,Death,
NA,NA,NA,NA,NA,NA,NA,NA,[Death by Unknown means],
454,Female,30 Mar 2007,332,375,BELFAST,2007-03-30,5665,Birth,
NA,NA,NA,NA,NA,NA,2007-03-30,NA,Death,
NA,NA,NA,NA,NA,NA,NA,NA,[Death by Stillbirth  Mounted or Preserved  Unknown (after necropsy)],
455,Male,3 Sep 2007,332,375,BELFAST,2007-09-03,5740,Birth,
NA,NA,NA,NA,NA,NA,2007-09-03,NA,Death,
NA,NA,NA,NA,NA,NA,NA,NA,[Death by Unknown means],
456,Male,3 Sep 2007,332,375,BELFAST,2007-09-03,5741,Birth,
NA,NA,NA,NA,NA,NA,2007-09-03,NA,Death,
NA,NA,NA,NA,NA,NA,NA,NA,[Death by Unknown means],
457,Male,9 Jan 2008,263,421,SAO PAULO,2008-01-09,29652,Birth,
458,Female,9 Jan 2008,263,421,SAO PAULO,2008-01-09,29653,Birth,
459,Male,7 Jul 2008,333,345,KREFELD,2008-07-07,1893,Birth,
NA,NA,NA,NA,NA,NA,2008-07-07,NA,Death,
NA,NA,NA,NA,NA,NA,NA,NA,[Death by Stillbirth  Unknown  Unknown (after necropsy)],
460,Male,7 Jul 2008,333,345,KREFELD,2008-07-07,1894,Birth,
NA,NA,NA,NA,NA,NA,2008-07-07,NA,Death,
NA,NA,NA,NA,NA,NA,NA,NA,[Death by Stillbirth  Unknown  Unknown (after necropsy)],
461,Unknown,21 Jul 2008,371,306,JERSEY,2008-07-21,M3021,Birth,
NA,NA,NA,NA,NA,NA,2008-07-21,NA,Death,
NA,NA,NA,NA,NA,NA,NA,NA,[Death by Stillbirth  Unknown  Necropsy planned later  Unknown after necropsy],
462,Female,13 Apr 2009,371,306,JERSEY,2009-04-13,M3050,Birth,
NA,NA,NA,NA,NA,NA,2009-04-13,NA,Death,
NA,NA,NA,NA,NA,NA,NA,NA,[Death by Stillbirth  Unknown  Necropsy planned later  Unknown after necropsy],
463,Unknown,26 Apr 2009,256,302,JERSEY,2009-04-26,M3052,Birth,
NA,NA,NA,NA,NA,NA,2009-04-26,NA,Death,
NA,NA,NA,NA,NA,NA,NA,NA,[Death by Premature birth  Unknown  Necropsy planned later  Unknown after necropsy],
464,Male,?,WILD,WILD,M DIABO,NA,NA,Capture,OMERINHO
NA,NA,NA,NA,NA,SAO PAULO,2010-07-15,30154,Transfer,
465,Male,17 May 2010,409,306,JERSEY,2010-05-17,M3108,Birth,
NA,NA,NA,NA,NA,NA,2010-05-17,NA,Death,
NA,NA,NA,NA,NA,NA,NA,NA,[Death by Stillbirth  Unknown  Necropsy planned later  Unknown after necropsy],
466,Female,17 Sep 2010,412,430,SAO PAULO,2010-09-17,30167,Birth,
NA,NA,NA,NA,NA,NA,2011-12-26,NA,Death,
NA,NA,NA,NA,NA,NA,NA,NA,[Death by Died in transit  Unknown  Necropsy planned later  Mechanical abnormality],
467,Female,17 Sep 2010,412,430,SAO PAULO,2010-09-17,30168,Birth,
468,Male,22 Mar 2011,409,306,JERSEY,2011-03-22,M3144,Birth,FRANCISCO
469,Male,13 Aug 2011,464,432,SAO PAULO,2011-08-13,30497,Birth,
NA,NA,NA,NA,NA,NA,2012-09-19,NA,Death,
NA,NA,NA,NA,NA,NA,NA,NA,[Death by Unknown means],
470,Male,13 Aug 2011,464,432,SAO PAULO,2011-08-13,30498,Birth,
471,Male,20 Sep 2011,412,430,SAO PAULO,2011-09-20,30518,Birth,
472,Male,30 Jan 2012,412,430,SAO PAULO,2012-01-30,30595,Birth,
473,Male,31 Jan 2012,412,430,SAO PAULO,2012-01-31,30596,Birth,
474,Male,26 Apr 2012,332,398,JERSEY,2012-04-26,M3198,Birth,
NA,NA,NA,NA,NA,NA,2012-04-26,NA,Death,
NA,NA,NA,NA,NA,NA,NA,NA,[Death by Stillbirth  Unknown  Necropsy planned later  Unknown after necropsy],
475,Male,26 Apr 2012,332,398,JERSEY,2012-04-26,M3199,Birth,
NA,NA,NA,NA,NA,NA,2012-04-26,NA,Death,
NA,NA,NA,NA,NA,NA,NA,NA,[Death by Stillbirth  Unknown  Necropsy planned later  Unknown after necropsy],
476,Male,9 Feb 2009,312,408,RIO PRIM,2009-02-09,2406,Birth,
NA,NA,NA,NA,NA,NA,2009-12-11,NA,Death,
NA,NA,NA,NA,NA,NA,NA,NA,[Death by Unknown means],
477,Male,9 Feb 2009,312,408,RIO PRIM,2009-02-09,2407,Birth,
NA,NA,NA,NA,NA,NA,2010-10-18,NA,Death,
NA,NA,NA,NA,NA,NA,NA,NA,[Death by Unknown means],
478,Male,1 Jan 2010,387,400,RIO PRIM,2010-01-01,2461,Birth,
NA,NA,NA,NA,NA,NA,2010-09-08,NA,Death,
NA,NA,NA,NA,NA,NA,NA,NA,[Death by Unknown means],
479,Female,1 Jan 2010,387,400,RIO PRIM,2010-01-01,2462,Birth,
NA,NA,NA,NA,NA,NA,2011-03-08,NA,Death,
NA,NA,NA,NA,NA,NA,NA,NA,[Death by Unknown means],
480,Male,1 Jan 2010,312,408,RIO PRIM,2010-01-01,2463,Birth,
NA,NA,NA,NA,NA,NA,2010-04-12,NA,Death,
NA,NA,NA,NA,NA,NA,NA,NA,[Death by Unknown means],
481,Female,1 Jan 2010,312,408,RIO PRIM,2010-01-01,2464,Birth,
482,Male,18 Oct 2010,312,408,RIO PRIM,2010-10-18,2534,Birth,
NA,NA,NA,NA,NA,NA,2011-04-24,NA,Death,
NA,NA,NA,NA,NA,NA,NA,NA,[Death by Unknown means],
483,Male,18 Oct 2010,312,408,RIO PRIM,2010-10-18,2535,Birth,
NA,NA,NA,NA,NA,NA,2010-12-20,NA,Death,
NA,NA,NA,NA,NA,NA,NA,NA,[Death by Unknown means],
484,Male,25 Feb 2011,387,400,RIO PRIM,2011-02-25,2557,Birth,
NA,NA,NA,NA,NA,NA,2011-05-29,NA,Death,
NA,NA,NA,NA,NA,NA,NA,NA,[Death by Unknown means],
485,Female,25 Feb 2011,387,400,RIO PRIM,2011-02-25,2558,Birth,
NA,NA,NA,NA,NA,NA,2011-06-26,NA,Death,
NA,NA,NA,NA,NA,NA,NA,NA,[Death by Unknown means],
486,Male,2 Oct 2011,312,408,RIO PRIM,2011-10-02,2571,Birth,
487,Female,2 Oct 2011,312,408,RIO PRIM,2011-10-02,2572,Birth,
488,Male,2 Oct 2011,387,400,RIO PRIM,2011-10-02,2574,Birth,
489,Unknown,2 Nov 2011,387,400,RIO PRIM,2011-11-02,2575,Birth,
NA,NA,NA,NA,NA,NA,2011-11-10,NA,Death,
NA,NA,NA,NA,NA,NA,NA,NA,[Death by Unknown means],
490,Female,8 Oct 2012,312,408,RIO PRIM,2012-10-08,2604,Birth,
NA,NA,NA,NA,NA,NA,2012-10-09,NA,Death,
NA,NA,NA,NA,NA,NA,NA,NA,[Death by Unknown means],
491,Male,10 Sep 2012,412,430,SAO PAULO,2012-09-10,30774,Birth,
492,Male,10 Sep 2012,412,430,SAO PAULO,2012-09-10,30775,Birth,
493,Female,13 Aug 2013,412,430,SAO PAULO,2013-08-13,31024,Birth,
NA,NA,NA,NA,NA,NA,2013-08-20,NA,Death,
NA,NA,NA,NA,NA,NA,NA,NA,[Death by Unknown means],
494,Female,13 Aug 2013,412,430,SAO PAULO,2013-08-13,31025,Birth,
NA,NA,NA,NA,NA,NA,2013-08-22,NA,Death,
NA,NA,NA,NA,NA,NA,NA,NA,[Death by Other /Unknown  Unknown  Necropsy done(no info)  Unknown after necropsy  Necropsy not received],
495,Female,13 Aug 2013,412,430,SAO PAULO,2013-08-13,31026,Birth,
496,Female,26 Dec 2013,412,430,SAO PAULO,2013-12-26,31075,Birth,
497,Unknown,26 Dec 2013,412,430,SAO PAULO,2013-12-26,31076,Birth,
498,Male,2 Nov 2012,332,398,JERSEY,2012-11-02,M3215,Birth,
NA,NA,NA,NA,NA,NA,2012-11-02,NA,Death,
NA,NA,NA,NA,NA,NA,NA,NA,[Death by Other /Unknown  Mounted or Preserved  Necropsy done(no info)  Unknown after necropsy  Necropsy received],
499,Unknown,25 Sep 2013,312,408,RIO PRIM,2013-09-25,2894,Birth,
NA,NA,NA,NA,NA,NA,2013-10-02,NA,Death,
NA,NA,NA,NA,NA,NA,NA,NA,[Death by Injury from exhibit mate  Unknown  Necropsy planned later  Unknown after necropsy  Necropsy not received],
500,Unknown,9 Oct 2010,386,399,SAO CARLOS,2010-10-09,NA,Birth,
NA,NA,NA,NA,NA,NA,2013-03-06,NA,Death,
NA,NA,NA,NA,NA,NA,NA,NA,[Death by Other /Unknown  Unknown  Necropsy done(no info)  Unknown after necropsy  Necropsy not received],
501,Unknown,11 Mar 2013,386,399,SAO CARLOS,2013-03-11,NA,Birth,
502,Female,26 Dec 2013,412,430,SAO PAULO,2013-12-26,31074,Birth,
503,Unknown,NA,106,125,JERSEY,1994-02-12,M1998,Birth  ,
NA,NA,NA,NA,NA,NA,1994-02-12,NA,Death,
NA,NA,NA,NA,NA,NA,NA,NA,[Death by stillbirth],
504,Unknown,NA,106,125,JERSEY,1994-09-01,M2056,Birth,
NA,NA,NA,NA,NA,NA,1994-09-03,NA,Death,
NA,NA,NA,NA,NA,NA,NA,NA,[Death by Other],
505,Unknown,NA,106,125,JERSEY,2002-02-05,M2743,Birth,
NA,NA,NA,NA,NA,NA,2002-02-05,NA,Death,
NA,NA,NA,NA,NA,NA,NA,NA,[Death by stillbirth],
506,Female,NA,195,220,JERSEY,2002-02-27,M2748,Birth,
NA,NA,NA,NA,NA,NA,37322,NA,Death,
NA,NA,NA,NA,NA,NA,NA,NA,[Death by Other],
507,Unknown,NA,464,432,SAO PAULO,2014-10-20,31260,Birth,
NA,NA,NA,NA,NA,NA,42363,NA,Death,
NA,NA,NA,NA,NA,NA,NA,NA,[Death by Other],
508,Unknown,NA,464,432,SAO PAULO,2014-10-20,31261,Birth,
NA,NA,NA,NA,NA,NA,42363,NA,Death,
NA,NA,NA,NA,NA,NA,NA,NA,[Death by Other],
TE64,Male,NA,412,430,SAO PAULO,2015-03-03,31380,Birth,
NA,NA,NA,NA,NA,NA,NA,NA,NA,
TE65,Unknown,NA,412,430,SAO PAULO,2015-08-31,31419,Birth,
NA,NA,NA,NA,NA,NA,NA,NA,NA,
TE66,Unknown,NA,412,430,SAO PAULO,2015-08-31,31420,Birth,
NA,NA,NA,NA,NA,NA,NA,NA,NA,
TE67,Unknown,NA,457,495,SAO PAULO,2015-11-11,31438,Birth,
NA,NA,NA,NA,NA,NA,NA,NA,NA,
TE68,Male,NA,425,481,RIO PRIM,2016-01-06,3533,Birth,
NA,NA,NA,NA,NA,NA,NA,NA,NA,
TE69,Male,NA,425,481,RIO PRIM,2016-01-06,3534,Birth,
NA,NA,NA,NA,NA,NA,NA,NA,NA,
TE70,Unknown,NA,425,481,RIO PRIM,2016-12-05,3650,Birth,
NA,NA,NA,NA,NA,NA,NA,NA,NA,
TE71,Unknown,NA,425,481,RIO PRIM,2016-12-05,3651,Birth,
NA,NA,NA,NA,NA,NA,NA,NA,NA,
TE72,Male,NA,464,432,SAO PAULO,2016-02-05,31481,Birth,
NA,NA,NA,NA,NA,NA,NA,NA,NA,
TE73,Male,NA,WILD,WILD,BRAZIL,2014-11-05,31527,Capture,Kinho
NA,NA,NA,NA,NA,NA,NA,NA,NA,
TE74,Unknown,NA,464,432,SAO PAULO,2016-09-23,31573,Birth,
NA,NA,NA,NA,NA,NA,NA,NA,NA,
TE75,Unknown,NA,457,495,SAO PAULO,2016-10-27,31585,Birth,
NA,NA,NA,NA,NA,NA,NA,NA,NA,
TE76,Unknown,NA,457,495,SAO PAULO,2016-10-27,31586,Birth,
,,,,,,, ,,
