Stud ,Sex,Birth Date,Sire,Dam,id_institute,Location,Date,LocalID,Event,Name,
1,M,1973,WILD,WILD,14,M DIABO,1973,1,Capture,,
1,NA,NA,NA,NA,21,RIO PRIM,1 Nov 1973,29,Transfer,,
1,NA,NA,NA,NA,21,RIO PRIM,1 Jan 1987,NA,Death,,
1,NA,NA,NA,NA,21,RIO PRIM,NA,NA,[Death by Unknown means],,
2,F,????,WILD,WILD,14,M DIABO,1 Nov 1973,NONE,Capture,,
2,NA,NA,NA,NA,21,RIO PRIM,1 Nov 1973,30,Transfer,,
2,NA,NA,NA,NA,21,RIO PRIM,1 Apr 1979,NA,Death,,
2,NA,NA,NA,NA,21,RIO PRIM,NA,NA,[Death by Unknown means],,
3,M,????,WILD,WILD,14,M DIABO,25 Nov 1973,NONE,Capture,,
3,NA,NA,NA,NA,21,RIO PRIM,25 Nov 1973,31,Transfer,,
3,NA,NA,NA,NA,21,RIO PRIM,31 Jan 1985,NA,Death,,
3,NA,NA,NA,NA,21,RIO PRIM,NA,NA,[Death by Unknown means],,
4,F,????,WILD,WILD,14,M DIABO,25 Nov 1973,NONE,Capture,,
4,NA,NA,NA,NA,21,RIO PRIM,25 Nov 1973,32,Transfer,,
4,NA,NA,NA,NA,21,RIO PRIM,20 Jul 1990,NA,Death,,
4,NA,NA,NA,NA,21,RIO PRIM,NA,NA,[Death by Other /Unknown  Given to an institution RIO PRIM  Necropsy planned later],,
5,M,????,WILD,WILD,14,M DIABO,25 Nov 1973,NONE,Capture,,
5,NA,NA,NA,NA,21,RIO PRIM,25 Nov 1973,33,Transfer,,
5,NA,NA,NA,NA,21,RIO PRIM,30 Aug 1977,NA,Death,,
5,NA,NA,NA,NA,21,RIO PRIM,NA,NA,[Death by Unknown means],,
6,F,????,WILD,WILD,14,M DIABO,25 Nov 1973,NONE,Capture,,
6,NA,NA,NA,NA,21,RIO PRIM,25 Nov 1973,34,Transfer,,
6,NA,NA,NA,NA,21,RIO PRIM,28 Jun 1988,NA,Death,,
6,NA,NA,NA,NA,21,RIO PRIM,NA,NA,[Death by Unknown means],,
7,F,????,WILD,WILD,14,M DIABO,25 Nov 1973,NONE,Capture,,
7,NA,NA,NA,NA,21,RIO PRIM,25 Nov 1973,35,Transfer,,
7,NA,NA,NA,NA,21,RIO PRIM,10 Jan 1974,NA,Death,,
7,NA,NA,NA,NA,21,RIO PRIM,NA,NA,[Death by Unknown means],,
8,M,1 Sep 1974,1,2,21,RIO PRIM,1 Sep 1974,53,Birth,,
8,NA,NA,NA,NA,21,RIO PRIM,30 Jan 1980,NA,Death,,
8,NA,NA,NA,NA,21,RIO PRIM,NA,NA,[Death by Unknown means],,
9,F,1 Sep 1974,1,2,21,RIO PRIM,1 Sep 1974,54,Birth,,
9,NA,NA,NA,NA,21,RIO PRIM,29 Aug 1987,NA,Death,,
9,NA,NA,NA,NA,21,RIO PRIM,NA,NA,[Death by Unknown means],,
10,M,6 Oct 1974,5,6,21,RIO PRIM,6 Oct 1974,59,Birth,,
10,NA,NA,NA,NA,21,RIO PRIM,6 Oct 1974,NA,Death,,
10,NA,NA,NA,NA,21,RIO PRIM,NA,NA,[Death by Unknown means],,
11,F,6 Oct 1974,5,6,21,RIO PRIM,6 Oct 1974,60,Birth,,
11,NA,NA,NA,NA,21,RIO PRIM,18 Jan 1980,NA,Death,,
11,NA,NA,NA,NA,21,RIO PRIM,NA,NA,[Death by Unknown means],,
12,M,5 Oct 1975,1,2,21,RIO PRIM,5 Oct 1975,101,Birth,,
12,NA,NA,NA,NA,21,RIO PRIM,29 Oct 1982,NA,Death,,
12,NA,NA,NA,NA,21,RIO PRIM,NA,NA,[Death by Other /Unknown  Given to an institution RIO PRIM  Necropsy planned later],,
13,M,5 Oct 1975,1,2,21,RIO PRIM,5 Oct 1975,102,Birth,,
13,NA,NA,NA,NA,21,RIO PRIM,1 Sep 1983,NA,Death,,
13,NA,NA,NA,NA,21,RIO PRIM,NA,NA,[Death by Other /Unknown  Given to an institution  Necropsy planned later],,
14,F,9 Oct 1975,5,6,21,RIO PRIM,9 Oct 1975,103,Birth,,
14,NA,NA,NA,NA,21,RIO PRIM,13 Jul 1989,NA,Death,,
14,NA,NA,NA,NA,21,RIO PRIM,NA,NA,[Death by Unknown means],,
15,M,9 Oct 1975,5,6,21,RIO PRIM,9 Oct 1975,104,Birth,,
15,NA,NA,NA,NA,21,RIO PRIM,5 Nov 1979,NA,Death,,
15,NA,NA,NA,NA,21,RIO PRIM,NA,NA,[Death by Unknown means],,
16,M,8 Nov 1975,3,4,21,RIO PRIM,8 Nov 1975,114,Birth,,
16,NA,NA,NA,NA,21,RIO PRIM,5 May 1992,NA,Death,,
16,NA,NA,NA,NA,21,RIO PRIM,NA,NA,[Death by Unknown means],,
17,M,19 Sep 1976,1,2,21,RIO PRIM,19 Sep 1976,145,Birth,,
17,NA,NA,NA,NA,21,RIO PRIM,19 Oct 1979,NA,Death,,
17,NA,NA,NA,NA,21,RIO PRIM,NA,NA,[Death by Unknown means],,
18,F,19 Sep 1976,1,2,21,RIO PRIM,19 Sep 1976,146,Birth,,
18,NA,NA,NA,NA,21,RIO PRIM,7 Apr 1992,NA,Death,,
18,NA,NA,NA,NA,21,RIO PRIM,NA,NA,[Death by Unknown means],,
19,F,19 Oct 1976,5,6,21,RIO PRIM,19 Oct 1976,150,Birth,,
19,NA,NA,NA,NA,21,RIO PRIM,25 Mar 1986,NA,Death,,
19,NA,NA,NA,NA,21,RIO PRIM,NA,NA,[Death by Unknown means],,
20,F,19 Oct 1976,5,6,21,RIO PRIM,19 Oct 1976,151,Birth,,
20,NA,NA,NA,NA,21,RIO PRIM,9 May 1984,NA,Death,,
20,NA,NA,NA,NA,21,RIO PRIM,NA,NA,[Death by Unknown means],,
21,M,22 Feb 1977,1,2,21,RIO PRIM,22 Feb 1977,162,Birth,,
21,NA,NA,NA,NA,21,RIO PRIM,14 Oct 1978,NA,Death,,
21,NA,NA,NA,NA,21,RIO PRIM,NA,NA,[Death by Unknown means],,
22,F,22 Feb 1977,1,2,21,RIO PRIM,22 Feb 1977,163,Birth,,
22,NA,NA,NA,NA,21,RIO PRIM,26 Jan 1978,NA,Death,,
22,NA,NA,NA,NA,21,RIO PRIM,NA,NA,[Death by Unknown means],,
23,M,19 Oct 1977,1,2,21,RIO PRIM,19 Oct 1977,179,Birth,,
23,NA,NA,NA,NA,21,RIO PRIM,27 Oct 1985,NA,Death,,
23,NA,NA,NA,NA,21,RIO PRIM,NA,NA,[Death by Unknown means],,
24,F,27 Feb 1978,1,2,21,RIO PRIM,27 Feb 1978,195,Birth,,
24,NA,NA,NA,NA,21,RIO PRIM,28 Feb 1978,NA,Death,,
24,NA,NA,NA,NA,21,RIO PRIM,NA,NA,[Death by Unknown means],,
25,F,19 Sep 1978,1,2,21,RIO PRIM,19 Sep 1978,286,Birth,,
25,NA,NA,NA,NA,21,RIO PRIM,22 May 1984,NA,Death,,
25,NA,NA,NA,NA,21,RIO PRIM,NA,NA,[Death by Unknown means],,
26,M,12 Oct 1978,13,19,21,RIO PRIM,12 Oct 1978,210,Birth,,
26,NA,NA,NA,NA,21,RIO PRIM,27 Oct 1978,NA,Death,,
26,NA,NA,NA,NA,21,RIO PRIM,NA,NA,[Death by Unknown means],,
27,M,12 Oct 1978,13,19,21,RIO PRIM,12 Oct 1978,211,Birth,,
27,NA,NA,NA,NA,21,RIO PRIM,28 Oct 1978,NA,Death,,
27,NA,NA,NA,NA,21,RIO PRIM,NA,NA,[Death by Unknown means],,
28,F,3 Feb 1979,1,2,21,RIO PRIM,3 Feb 1979,227,Birth,,
28,NA,NA,NA,NA,21,RIO PRIM,2 Jul 1979,NA,Death,,
28,NA,NA,NA,NA,21,RIO PRIM,NA,NA,[Death by Unknown means],,
29,M,12 Oct 1979,13,19,21,RIO PRIM,12 Oct 1979,253,Birth,,
29,NA,NA,NA,NA,21,RIO PRIM,12 Oct 1979,NA,Death,,
29,NA,NA,NA,NA,21,RIO PRIM,NA,NA,[Death by Stillbirth  Unknown  Unknown (after necropsy)],,
30,M,12 Oct 1979,13,19,21,RIO PRIM,12 Oct 1979,254,Birth,,
30,NA,NA,NA,NA,21,RIO PRIM,12 Oct 1979,NA,Death,,
30,NA,NA,NA,NA,21,RIO PRIM,NA,NA,[Death by Stillbirth  Unknown  Unknown (after necropsy)],,
31,M,15 Sep 1980,13,19,21,RIO PRIM,15 Sep 1980,303,Birth,,
31,NA,NA,NA,NA,21,RIO PRIM,24 Jan 1985,NA,Death,,
31,NA,NA,NA,NA,21,RIO PRIM,NA,NA,[Death by Unknown means],,
32,M,15 Sep 1980,13,19,21,RIO PRIM,15 Sep 1980,304,Birth,,
32,NA,NA,NA,NA,21,RIO PRIM,2 May 1997,NA,Death,,
32,NA,NA,NA,NA,21,RIO PRIM,NA,NA,[Death by Unknown means],,
33,M,2 Nov 1980,12,14,21,RIO PRIM,2 Nov 1980,318,Birth,,
33,NA,NA,NA,NA,21,RIO PRIM,7 Oct 1994,NA,Death,,
33,NA,NA,NA,NA,21,RIO PRIM,NA,NA,[Death by Unknown means],,
34,M,6 Jan 1981,1,20,21,RIO PRIM,6 Jan 1981,330,Birth,,
34,NA,NA,NA,NA,21,RIO PRIM,5 Nov 1982,NA,Death,,
34,NA,NA,NA,NA,21,RIO PRIM,NA,NA,[Death by Unknown means],,
35,F,6 Jan 1981,1,20,21,RIO PRIM,6 Jan 1981,331,Birth,,
35,NA,NA,NA,NA,21,RIO PRIM,22 Nov 1983,NA,Death,,
35,NA,NA,NA,NA,21,RIO PRIM,NA,NA,[Death by Unknown means],,
36,M,27 Sep 1981,13,19,21,RIO PRIM,27 Sep 1981,354,Birth,,
36,NA,NA,NA,NA,21,RIO PRIM,6 Dec 1981,NA,Death,,
36,NA,NA,NA,NA,21,RIO PRIM,NA,NA,[Death by Unknown means],,
37,M,29 Oct 1981,1,20,21,RIO PRIM,29 Oct 1981,361,Birth,,
37,NA,NA,NA,NA,21,RIO PRIM,22 Jul 1989,NA,Death,,
37,NA,NA,NA,NA,21,RIO PRIM,NA,NA,[Death by Unknown means],,
38,M,29 Oct 1981,1,20,21,RIO PRIM,29 Oct 1981,362,Birth,,
38,NA,NA,NA,NA,21,RIO PRIM,7 Aug 1990,NA,Death,,
38,NA,NA,NA,NA,21,RIO PRIM,NA,NA,[Death by Other /Unknown  Given to an institution RIO PRIM  Necropsy planned later],,
39,F,31 Oct 1981,3,6,21,RIO PRIM,31 Oct 1981,363,Birth,,
39,NA,NA,NA,NA,21,RIO PRIM,20 Jan 1982,NA,Death,,
39,NA,NA,NA,NA,21,RIO PRIM,NA,NA,[Death by Unknown means],,
40,M,31 Oct 1981,3,6,21,RIO PRIM,31 Oct 1981,364,Birth,,
40,NA,NA,NA,NA,21,RIO PRIM,20 Jan 1982,NA,Death,,
40,NA,NA,NA,NA,21,RIO PRIM,NA,NA,[Death by Unknown means],,
41,?,29 Oct 1981,1,20,21,RIO PRIM,29 Oct 1981,368,Birth,,
41,NA,NA,NA,NA,21,RIO PRIM,29 Oct 1981,NA,Death,,
41,NA,NA,NA,NA,21,RIO PRIM,NA,NA,[Death by Unknown means],,
42,M,25 Dec 1981,12,14,21,RIO PRIM,25 Dec 1981,374,Birth,,
42,NA,NA,NA,NA,21,RIO PRIM,6 Feb 1982,NA,Death,,
42,NA,NA,NA,NA,21,RIO PRIM,NA,NA,[Death by Unknown means],,
43,M,25 Dec 1981,12,14,21,RIO PRIM,25 Dec 1981,375,Birth,,
43,NA,NA,NA,NA,21,RIO PRIM,10 Feb 1982,NA,Death,,
43,NA,NA,NA,NA,21,RIO PRIM,NA,NA,[Death by Unknown means],,
44,F,25 Sep 1982,3,6,21,RIO PRIM,25 Sep 1982,402,Birth,,
44,NA,NA,NA,NA,21,RIO PRIM,22 Jun 1998,NA,Death,,
44,NA,NA,NA,NA,21,RIO PRIM,NA,NA,[Death by Unknown means],,
45,M,9 Oct 1982,16,18,21,RIO PRIM,9 Oct 1982,408,Birth,,
45,NA,NA,NA,NA,22,SAO PAULO,13 Nov 1991,19818,Transfer,,
45,NA,NA,NA,NA,22,SAO PAULO,17 Mar 1998,NA,Death,,
45,NA,NA,NA,NA,22,SAO PAULO,NA,NA,[Death by Unknown means],,
46,?,9 Oct 1982,16,18,21,RIO PRIM,9 Oct 1982,412,Birth,,
46,NA,NA,NA,NA,21,RIO PRIM,9 Oct 1982,NA,Death,,
46,NA,NA,NA,NA,21,RIO PRIM,NA,NA,[Death by Unknown means],,
47,M,14 Oct 1982,1,20,21,RIO PRIM,14 Oct 1982,410,Birth,,
47,NA,NA,NA,NA,21,RIO PRIM,15 Jan 1992,NA,Death,,
47,NA,NA,NA,NA,21,RIO PRIM,NA,NA,[Death by Unknown means],,
48,F,14 Oct 1982,1,20,21,RIO PRIM,14 Oct 1982,411,Birth,,
48,NA,NA,NA,NA,21,RIO PRIM,22 Dec 1989,NA,Death,,
48,NA,NA,NA,NA,21,RIO PRIM,NA,NA,[Death by Other /Unknown  Given to an institution  Necropsy planned later],,
49,F,29 Mar 1983,13,19,21,RIO PRIM,29 Mar 1983,445,Birth,,
49,NA,NA,NA,NA,21,RIO PRIM,2 Apr 1983,NA,Death,,
49,NA,NA,NA,NA,21,RIO PRIM,NA,NA,[Death by Unknown means],,
50,M,15 Aug 1983,13,19,21,RIO PRIM,15 Aug 1983,471,Birth,,
50,NA,NA,NA,NA,21,RIO PRIM,17 Aug 1983,NA,Death,,
50,NA,NA,NA,NA,21,RIO PRIM,NA,NA,[Death by Unknown means],,
51,M,23 Sep 1983,1,20,21,RIO PRIM,23 Sep 1983,504,Birth,,
51,NA,NA,NA,NA,21,RIO PRIM,27 Sep 1983,NA,Death,,
51,NA,NA,NA,NA,21,RIO PRIM,NA,NA,[Death by Unknown means],,
52,F,23 Sep 1983,1,20,21,RIO PRIM,23 Sep 1983,505,Birth,,
52,NA,NA,NA,NA,21,RIO PRIM,30 Sep 1983,NA,Death,,
52,NA,NA,NA,NA,21,RIO PRIM,NA,NA,[Death by Unknown means],,
53,M,23 Sep 1983,1,20,21,RIO PRIM,23 Sep 1983,506,Birth,,
53,NA,NA,NA,NA,21,RIO PRIM,4 Oct 1983,NA,Death,,
53,NA,NA,NA,NA,21,RIO PRIM,NA,NA,[Death by Unknown means],,
54,M,25 Sep 1983,31,25,21,RIO PRIM,25 Sep 1983,507,Birth,,
54,NA,NA,NA,NA,21,RIO PRIM,27 Sep 1983,NA,Death,,
54,NA,NA,NA,NA,21,RIO PRIM,NA,NA,[Death by Unknown means],,
55,F,25 Sep 1983,31,25,21,RIO PRIM,25 Sep 1983,508,Birth,,
55,NA,NA,NA,NA,21,RIO PRIM,27 Sep 1983,NA,Death,,
55,NA,NA,NA,NA,21,RIO PRIM,NA,NA,[Death by Unknown means],,
56,F,14 Oct 1983,32,35,21,RIO PRIM,14 Oct 1983,512,Birth,,
56,NA,NA,NA,NA,21,RIO PRIM,15 Oct 1983,NA,Death,,
56,NA,NA,NA,NA,21,RIO PRIM,NA,NA,[Death by Unknown means],,
57,F,14 Oct 1983,32,35,21,RIO PRIM,14 Oct 1983,513,Birth,,
57,NA,NA,NA,NA,21,RIO PRIM,16 Dec 1991,NA,Death,,
57,NA,NA,NA,NA,21,RIO PRIM,NA,NA,[Death by Unknown means],,
58,M,14 Oct 1983,32,35,21,RIO PRIM,14 Oct 1983,514,Birth,,
58,NA,NA,NA,NA,21,RIO PRIM,6 Jun 1994,NA,Death,,
58,NA,NA,NA,NA,21,RIO PRIM,NA,NA,[Death by Unknown means],,
59,M,18 Nov 1983,3,6,21,RIO PRIM,18 Nov 1983,524,Birth,,
59,NA,NA,NA,NA,21,RIO PRIM,12 Dec 1989,NA,Death,,
59,NA,NA,NA,NA,21,RIO PRIM,NA,NA,[Death by Other /Unknown  Given to an institution RIO PRIM  Necropsy planned later],,
60,F,18 Nov 1983,3,6,21,RIO PRIM,18 Nov 1983,525,Birth,,
60,NA,NA,NA,NA,21,RIO PRIM,13 Nov 1985,NA,Death,,
60,NA,NA,NA,NA,21,RIO PRIM,NA,NA,[Death by Unknown means],,
61,?,4 Feb 1984,31,25,21,RIO PRIM,4 Feb 1984,538,Birth,,
61,NA,NA,NA,NA,21,RIO PRIM,4 Feb 1984,NA,Death,,
61,NA,NA,NA,NA,21,RIO PRIM,NA,NA,[Death by Unknown means],,
62,F,4 Feb 1984,31,25,21,RIO PRIM,4 Feb 1984,539,Birth,,
62,NA,NA,NA,NA,21,RIO PRIM,5 Feb 1984,NA,Death,,
62,NA,NA,NA,NA,21,RIO PRIM,NA,NA,[Death by Unknown means],,
63,F,4 Feb 1984,31,25,21,RIO PRIM,4 Feb 1984,540,Birth,,
63,NA,NA,NA,NA,22,SAO PAULO,8 Feb 1994,21436,Transfer,,
63,NA,NA,NA,NA,22,SAO PAULO,9 Feb 1994,NA,Death,,
63,NA,NA,NA,NA,22,SAO PAULO,NA,NA,[Death by Unknown means],,
64,F,15 Feb 1984,38,19,21,RIO PRIM,15 Feb 1984,543,Birth,,
64,NA,NA,NA,NA,21,RIO PRIM,18 Feb 1984,NA,Death,,
64,NA,NA,NA,NA,21,RIO PRIM,NA,NA,[Death by Unknown means],,
65,F,15 Feb 1984,38,19,21,RIO PRIM,15 Feb 1984,544,Birth,,
65,NA,NA,NA,NA,21,RIO PRIM,17 Feb 1984,NA,Death,,
65,NA,NA,NA,NA,21,RIO PRIM,NA,NA,[Death by Unknown means],,
66,M,29 Feb 1984,1,20,21,RIO PRIM,29 Feb 1984,547,Birth,,
66,NA,NA,NA,NA,21,RIO PRIM,14 Mar 1985,NA,Death,,
66,NA,NA,NA,NA,21,RIO PRIM,NA,NA,[Death by Unknown means],,
67,F,29 Feb 1984,1,20,21,RIO PRIM,29 Feb 1984,548,Birth,,
67,NA,NA,NA,NA,21,RIO PRIM,10 Oct 1990,NA,Death,,
67,NA,NA,NA,NA,21,RIO PRIM,NA,NA,[Death by Other /Unknown  Given to an institution RIO PRIM  Necropsy planned later],,
68,F,27 Nov 1984,38,19,21,RIO PRIM,27 Nov 1984,609,Birth,,
68,NA,NA,NA,NA,21,RIO PRIM,1 Dec 1984,NA,Death,,
68,NA,NA,NA,NA,21,RIO PRIM,NA,NA,[Death by Unknown means],,
69,M,12 Dec 1984,32,44,21,RIO PRIM,12 Dec 1984,616,Birth,,
69,NA,NA,NA,NA,21,RIO PRIM,25 Oct 1991,NA,Death,,
69,NA,NA,NA,NA,21,RIO PRIM,NA,NA,[Death by Unknown means],,
70,F,12 Dec 1984,32,44,21,RIO PRIM,12 Dec 1984,617,Birth,,
70,NA,NA,NA,NA,22,SAO PAULO,8 Feb 1994,21439,Transfer,,
70,NA,NA,NA,NA,22,SAO PAULO,2 Dec 1996,NA,Death,,
70,NA,NA,NA,NA,22,SAO PAULO,NA,NA,[Death by Unknown means],,
71,M,4 Oct 1985,32,44,21,RIO PRIM,4 Oct 1985,665,Birth,,
71,NA,NA,NA,NA,21,RIO PRIM,5 Feb 2002,NA,Death,,
71,NA,NA,NA,NA,21,RIO PRIM,NA,NA,[Death by Other /Unknown  Mounted or Preserved RIO PRIM  No necropsy planned],,
72,F,4 Oct 1985,32,44,21,RIO PRIM,4 Oct 1985,666,Birth,,
72,NA,NA,NA,NA,21,RIO PRIM,9 Feb 1992,NA,Death,,
72,NA,NA,NA,NA,21,RIO PRIM,NA,NA,[Death by Unknown means],,
73,M,1984,WILD,WILD,14,M DIABO,7 Nov 1985,NONE,Capture,,
73,NA,NA,NA,NA,21,RIO PRIM,7 Nov 1985,686,Transfer,,
73,NA,NA,NA,NA,21,RIO PRIM,23 Oct 2003,NA,Death,,
73,NA,NA,NA,NA,21,RIO PRIM,NA,NA,[Death by Environ/Behav conditions  Mounted or Preserved 1552  Unknown (after necropsy)],,
74,F,1984,WILD,WILD,14,M DIABO,7 Nov 1985,NONE,Capture,,
74,NA,NA,NA,NA,21,RIO PRIM,7 Nov 1985,687,Transfer,,
74,NA,NA,NA,NA,21,RIO PRIM,14 Apr 1993,NA,Death,,
74,NA,NA,NA,NA,21,RIO PRIM,NA,NA,[Death by Unknown means],,
75,M,????,WILD,WILD,14,M DIABO,7 Nov 1985,NONE,Capture,,
75,NA,NA,NA,NA,21,RIO PRIM,7 Nov 1985,688,Transfer,,
75,NA,NA,NA,NA,22,SAO PAULO,13 Nov 1991,19817,Transfer,,
75,NA,NA,NA,NA,22,SAO PAULO,12 Aug 2001,NA,Death,,
75,NA,NA,NA,NA,22,SAO PAULO,NA,NA,[Death by Unknown means],,
76,F,????,WILD,WILD,14,M DIABO,7 Nov 1985,NONE,Capture,689,
76,NA,NA,NA,NA,21,RIO PRIM,7 Nov 1985,689,Transfer,,
76,NA,NA,NA,NA,21,RIO PRIM,17 Nov 1993,NA,Death,,
76,NA,NA,NA,NA,21,RIO PRIM,NA,NA,[Death by Other /Unknown  Given to an institution NATIONAL MUSEUMRIODE JANEIRO  Unknown (after necropsy)],,
77,M,1985,73,74,15,M GOBI,7 Nov 1985,NONE,Capture,,
77,NA,NA,NA,NA,21,RIO PRIM,7 Nov 1985,690,Transfer,,
77,NA,NA,NA,NA,21,RIO PRIM,24 Dec 1995,NA,Death,,
77,NA,NA,NA,NA,21,RIO PRIM,NA,NA,[Death by Unknown means],,
78,F,1985,73,74,14,M DIABO,7 Nov 1985,NONE,Capture,691,
78,NA,NA,NA,NA,21,RIO PRIM,7 Nov 1985,691,Transfer,,
78,NA,NA,NA,NA,21,RIO PRIM,3 Jul 1998,NA,Death,,
78,NA,NA,NA,NA,21,RIO PRIM,NA,NA,[Death by Unknown means],,
79,M,10 Nov 1985,1,19,21,RIO PRIM,10 Nov 1985,685,Birth,,
79,NA,NA,NA,NA,21,RIO PRIM,12 Nov 1985,NA,Death,,
79,NA,NA,NA,NA,21,RIO PRIM,NA,NA,[Death by Unknown means],,
80,M,13 Nov 1985,58,60,21,RIO PRIM,13 Nov 1985,692,Birth,,
80,NA,NA,NA,NA,21,RIO PRIM,13 Nov 1985,NA,Death,,
80,NA,NA,NA,NA,21,RIO PRIM,NA,NA,[Death by Unknown means],,
81,F,13 Nov 1985,58,60,21,RIO PRIM,13 Nov 1985,693,Birth,,
81,NA,NA,NA,NA,21,RIO PRIM,13 Nov 1985,NA,Death,,
81,NA,NA,NA,NA,21,RIO PRIM,NA,NA,[Death by Unknown means],,
82,F,13 Nov 1985,58,60,21,RIO PRIM,13 Nov 1985,694,Birth,,
82,NA,NA,NA,NA,21,RIO PRIM,13 Nov 1985,NA,Death,,
82,NA,NA,NA,NA,21,RIO PRIM,NA,NA,[Death by Unknown means],,
83,M,27 Jan 1986,59,57,21,RIO PRIM,27 Jan 1986,713,Birth,,
83,NA,NA,NA,NA,22,SAO PAULO,8 Feb 1994,21438,Transfer,,
83,NA,NA,NA,NA,22,SAO PAULO,16 Aug 2001,NA,Death,,
83,NA,NA,NA,NA,22,SAO PAULO,NA,NA,[Death by Other /Unknown  Unknown  Generalized  Nutrition],,
84,M,17 Sep 1986,73,74,21,RIO PRIM,17 Sep 1986,753,Birth,CLAUDIO,
84,NA,NA,NA,NA,10,JERSEY,31 Aug 1990,M1598,Transfer,,
84,NA,NA,NA,NA,10,JERSEY,15 Jun 1999,NA,Death,,
84,NA,NA,NA,NA,10,JERSEY,NA,NA,[Death by Unknown means],,
85,F,17 Sep 1986,73,74,21,RIO PRIM,17 Sep 1986,754,Birth,,
85,NA,NA,NA,NA,22,SAO PAULO,8 Feb 1994,21435,Transfer,,
85,NA,NA,NA,NA,7,CENTRALPK,19 Apr 1995,956095,Transfer,,
85,NA,NA,NA,NA,7,CENTRALPK,20 Sep 1999,NA,Death,,
85,NA,NA,NA,NA,7,CENTRALPK,NA,NA,[Death by Other /Unknown  Incinerate   Unknown (after necropsy)],,
86,M,18 Sep 1986,32,44,21,RIO PRIM,18 Sep 1986,756,Birth,,
86,NA,NA,NA,NA,21,RIO PRIM,26 Jun 1989,NA,Death,,
86,NA,NA,NA,NA,21,RIO PRIM,NA,NA,[Death by Unknown means],,
87,M,18 Sep 1986,32,44,21,RIO PRIM,18 Sep 1986,757,Birth,,
87,NA,NA,NA,NA,21,RIO PRIM,26 May 1989,NA,Death,,
87,NA,NA,NA,NA,21,RIO PRIM,NA,NA,[Death by Unknown means],,
88,M,12 Oct 1986,59,57,21,RIO PRIM,12 Oct 1986,767,Birth,,
88,NA,NA,NA,NA,21,RIO PRIM,15 Oct 1986,NA,Death,,
88,NA,NA,NA,NA,21,RIO PRIM,NA,NA,[Death by Unknown means],,
89,F,????,WILD,WILD,14,M DIABO,11 Nov 1986,NONE,Capture,,
89,NA,NA,NA,NA,22,SAO PAULO,11 Nov 1986,16701,Transfer,,
89,NA,NA,NA,NA,22,SAO PAULO,11 Oct 1994,NA,Death,,
89,NA,NA,NA,NA,22,SAO PAULO,NA,NA,[Death by Unknown means],,
90,F,????,WILD,WILD,14,M DIABO,11 Nov 1986,NONE,Capture,,
90,NA,NA,NA,NA,22,SAO PAULO,11 Nov 1986,16702,Transfer,,
90,NA,NA,NA,NA,22,SAO PAULO,20 Jun 1989,NA,Death,,
90,NA,NA,NA,NA,22,SAO PAULO,NA,NA,[Death by Unknown means],,
91,F,????,WILD,WILD,14,M DIABO,11 Nov 1986,NONE,Capture,,
91,NA,NA,NA,NA,22,SAO PAULO,11 Nov 1986,16703,Transfer,,
91,NA,NA,NA,NA,24,SAO CARLOS,16 Oct 2003,91,Transfer,,
91,NA,NA,NA,NA,24,SAO CARLOS,21 Oct 2003,NA,Death,,
91,NA,NA,NA,NA,24,SAO CARLOS,NA,NA,[Death by Environ/Behav conditions  Unknown  Generalized  Metabolism],,
92,F,????,WILD,WILD,14,M DIABO,11 Nov 1986,NONE,Capture,,
92,NA,NA,NA,NA,22,SAO PAULO,11 Nov 1986,16704,Transfer,,
92,NA,NA,NA,NA,22,SAO PAULO,25 May 1993,NA,Death,,
92,NA,NA,NA,NA,22,SAO PAULO,NA,NA,[Death by Unknown means],,
93,M,????,WILD,WILD,14,M DIABO,11 Nov 1986,NONE,Capture,,
93,NA,NA,NA,NA,22,SAO PAULO,11 Nov 1986,16699,Transfer,,
93,NA,NA,NA,NA,22,SAO PAULO,5 Dec 1990,NA,Death,,
93,NA,NA,NA,NA,22,SAO PAULO,NA,NA,[Death by Other /Unknown  Given to an institution SAO PAULO  No necropsy planned],,
94,F,????,WILD,WILD,14,M DIABO,11 Nov 1986,NONE,Capture,,
94,NA,NA,NA,NA,22,SAO PAULO,11 Nov 1986,16700,Transfer,,
94,NA,NA,NA,NA,22,SAO PAULO,6 Feb 1990,NA,Death,,
94,NA,NA,NA,NA,22,SAO PAULO,NA,NA,[Death by Other /Unknown  Given to an institution SAO PAULO  Necropsy planned later],,
95,F,????,WILD,WILD,14,M DIABO,11 Nov 1986,NONE,Capture,,
95,NA,NA,NA,NA,22,SAO PAULO,11 Nov 1986,16706,Transfer,,
95,NA,NA,NA,NA,22,SAO PAULO,25 May 1997,NA,Death,,
95,NA,NA,NA,NA,22,SAO PAULO,NA,NA,[Death by Unknown means],,
96,M,????,WILD,WILD,14,M DIABO,11 Nov 1986,NONE,Capture,,
96,NA,NA,NA,NA,22,SAO PAULO,11 Nov 1986,16697,Transfer,,
96,NA,NA,NA,NA,24,SAO CARLOS,16 Oct 2003,96,Transfer,,
96,NA,NA,NA,NA,24,SAO CARLOS,21 Oct 2003,NA,Death,,
96,NA,NA,NA,NA,24,SAO CARLOS,NA,NA,[Death by Environ/Behav conditions  Unknown  Generalized  Metabolism],,
97,M,????,WILD,WILD,14,M DIABO,11 Nov 1986,NONE,Capture,,
97,NA,NA,NA,NA,22,SAO PAULO,11 Nov 1986,16696,Transfer,,
97,NA,NA,NA,NA,22,SAO PAULO,10 May 1990,NA,Death,,
97,NA,NA,NA,NA,22,SAO PAULO,NA,NA,[Death by Other /Unknown  Given to an institution SAO PAULO  Necropsy planned later],,
98,F,????,WILD,WILD,14,M DIABO,11 Nov 1986,NONE,Capture,,
98,NA,NA,NA,NA,22,SAO PAULO,11 Nov 1986,16698,Transfer,,
98,NA,NA,NA,NA,22,SAO PAULO,15 Oct 1992,NA,Death,,
98,NA,NA,NA,NA,22,SAO PAULO,NA,NA,[Death by Unknown means],,
99,M,????,WILD,WILD,14,M DIABO,11 Nov 1986,NONE,Capture,,
99,NA,NA,NA,NA,22,SAO PAULO,11 Nov 1986,16694,Transfer,,
99,NA,NA,NA,NA,22,SAO PAULO,20 Oct 1994,NA,Death,,
99,NA,NA,NA,NA,22,SAO PAULO,NA,NA,[Death by Unknown means],,
100,F,????,WILD,WILD,14,M DIABO,11 Nov 1986,NONE,Capture,,
100,NA,NA,NA,NA,22,SAO PAULO,11 Nov 1986,16695,Transfer,,
100,NA,NA,NA,NA,22,SAO PAULO,15 Aug 1999,NA,Death,,
100,NA,NA,NA,NA,22,SAO PAULO,NA,NA,[Death by Unknown means],,
101,?,????,93,94,14,M DIABO,11 Nov 1986,NONE,Capture,,
101,NA,NA,NA,NA,22,SAO PAULO,11 Nov 1986,NA,Death,,
101,NA,NA,NA,NA,22,SAO PAULO,NA,NA,[Death by Stillbirth  Unknown  Unknown (after necropsy)],,
102,?,????,93,94,14,M DIABO,11 Nov 1986,NONE,Capture,,
102,NA,NA,NA,NA,22,SAO PAULO,11 Nov 1986,NA,Death,,
102,NA,NA,NA,NA,22,SAO PAULO,NA,NA,[Death by Stillbirth  Unknown  Unknown (after necropsy)],,
103,M,????,WILD,WILD,14,M DIABO,11 Nov 1986,NONE,Capture,,
103,NA,NA,NA,NA,22,SAO PAULO,11 Nov 1986,16708,Transfer,,
103,NA,NA,NA,NA,22,SAO PAULO,1 Feb 1987,NA,Death,,
103,NA,NA,NA,NA,22,SAO PAULO,NA,NA,[Death by Unknown means],,
104,M,????,WILD,WILD,14,M DIABO,11 Nov 1986,NONE,Capture,,
104,NA,NA,NA,NA,22,SAO PAULO,11 Nov 1986,16707,Transfer,,
104,NA,NA,NA,NA,22,SAO PAULO,5 Feb 1987,NA,Death,,
104,NA,NA,NA,NA,22,SAO PAULO,NA,NA,[Death by Unknown means],,
105,F,31 Jan 1987,32,44,21,RIO PRIM,31 Jan 1987,800,Birth,MARIA,
105,NA,NA,NA,NA,10,JERSEY,31 Aug 1990,M1599,Transfer,,
105,NA,NA,NA,NA,10,JERSEY,24 Apr 2000,NA,Death,,
105,NA,NA,NA,NA,10,JERSEY,NA,NA,[Death by Unknown means],,
106,M,25 Feb 1987,59,57,21,RIO PRIM,25 Feb 1987,805,Birth,,
106,NA,NA,NA,NA,10,JERSEY,1 Sep 1990,M1596,Transfer,,
106,NA,NA,NA,NA,10,JERSEY,29 Jun 2004,NA,Death,,
106,NA,NA,NA,NA,10,JERSEY,NA,NA,[Death by Euthanasia (medical)  Unknown  Necropsy planned later  Unknown after necropsy],,
107,M,25 Feb 1987,59,57,21,RIO PRIM,25 Feb 1987,806,Birth,,
107,NA,NA,NA,NA,22,SAO PAULO,8 Feb 1994,21434,Transfer,,
107,NA,NA,NA,NA,7,CENTRALPK,19 Apr 1995,956096,Transfer,,
107,NA,NA,NA,NA,17,NY BRONX,18 Dec 1998,956096,Transfer,,
107,NA,NA,NA,NA,17,NY BRONX,26 Mar 2006,NA,Death,,
107,NA,NA,NA,NA,17,NY BRONX,NA,NA,[Death by Euthanasia (medical)  Unknown  No necropsy planned],,
108,M,6 Mar 1987,99,100,22,SAO PAULO,6 Mar 1987,______,Birth,,
108,NA,NA,NA,NA,22,SAO PAULO,7 Mar 1987,NA,Death,,
108,NA,NA,NA,NA,22,SAO PAULO,NA,NA,[Death by Unknown means],,
109,M,6 Mar 1987,99,100,22,SAO PAULO,6 Mar 1987,______,Birth,,
109,NA,NA,NA,NA,22,SAO PAULO,8 Mar 1987,NA,Death,,
109,NA,NA,NA,NA,22,SAO PAULO,NA,NA,[Death by Unknown means],,
110,F,12 Sep 1987,32,44,21,RIO PRIM,12 Sep 1987,851,Birth,GERTIE,
110,NA,NA,NA,NA,10,JERSEY,31 Aug 1990,M1601,Transfer,,
110,NA,NA,NA,NA,10,JERSEY,3 Apr 2008,NA,Death,,
110,NA,NA,NA,NA,10,JERSEY,NA,NA,[Death by Euthanasia (medical)  Unknown  Unknown (after necropsy)],,
111,F,12 Sep 1987,32,44,21,RIO PRIM,12 Sep 1987,852,Birth,,
111,NA,NA,NA,NA,21,RIO PRIM,3 Nov 1991,NA,Death,,
111,NA,NA,NA,NA,21,RIO PRIM,NA,NA,[Death by Unknown means],,
112,M,20 Sep 1987,93,94,22,SAO PAULO,20 Sep 1987,17301,Birth,,
112,NA,NA,NA,NA,22,SAO PAULO,28 Sep 1989,NA,Death,,
112,NA,NA,NA,NA,22,SAO PAULO,NA,NA,[Death by Unknown means],,
113,M,23 Sep 1987,73,74,21,RIO PRIM,23 Sep 1987,856,Birth,,
113,NA,NA,NA,NA,22,SAO PAULO,13 Nov 1991,19820,Transfer,,
113,NA,NA,NA,NA,22,SAO PAULO,12 Mar 1992,NA,Death,,
113,NA,NA,NA,NA,22,SAO PAULO,NA,NA,[Death by Unknown means],,
114,M,23 Sep 1987,73,74,21,RIO PRIM,23 Sep 1987,857,Birth,,
114,NA,NA,NA,NA,21,RIO PRIM,22 Dec 1989,NA,Death,,
114,NA,NA,NA,NA,21,RIO PRIM,NA,NA,[Death by Other /Unknown  Given to an institution RIO PRIM  Necropsy planned later],,
115,M,13 Oct 1987,59,57,21,RIO PRIM,13 Oct 1987,864,Birth,,
115,NA,NA,NA,NA,21,RIO PRIM,29 Mar 1990,NA,Death,,
115,NA,NA,NA,NA,21,RIO PRIM,NA,NA,[Death by Other /Unknown  Given to an institution  Necropsy planned later],,
116,M,13 Oct 1987,59,57,21,RIO PRIM,13 Oct 1987,865,Birth,,
116,NA,NA,NA,NA,10,JERSEY,31 Aug 1990,M1600,Transfer,,
116,NA,NA,NA,NA,1,ADELAIDE,12 Oct 1995,950402,Transfer,,
116,NA,NA,NA,NA,1,ADELAIDE,6 Jun 2001,NA,Death,,
116,NA,NA,NA,NA,1,ADELAIDE,NA,NA,[Death by Euthanasia (medical)  Unknown  No necropsy planned],,
117,F,13 Oct 1987,59,57,21,RIO PRIM,13 Oct 1987,866,Birth,,
117,NA,NA,NA,NA,21,RIO PRIM,23 Jun 1993,NA,Death,,
117,NA,NA,NA,NA,21,RIO PRIM,NA,NA,[Death by Unknown means],,
118,M,3 Nov 1987,69,76,21,RIO PRIM,3 Nov 1987,874,Birth,,
118,NA,NA,NA,NA,22,SAO PAULO,8 Feb 1994,21433,Transfer,,
118,NA,NA,NA,NA,22,SAO PAULO,8 Nov 2010,NA,Death,,
118,NA,NA,NA,NA,22,SAO PAULO,NA,NA,[Death by Unknown means],,
119,M,4 Dec 1987,38,63,21,RIO PRIM,4 Dec 1987,880,Birth,,
119,NA,NA,NA,NA,21,RIO PRIM,4 Dec 1987,NA,Death,,
119,NA,NA,NA,NA,21,RIO PRIM,NA,NA,[Death by Unknown means],,
120,?,4 Dec 1987,38,63,21,RIO PRIM,4 Dec 1987,881,Birth,,
120,NA,NA,NA,NA,21,RIO PRIM,4 Dec 1987,NA,Death,,
120,NA,NA,NA,NA,21,RIO PRIM,NA,NA,[Death by Unknown means],,
121,F,????,WILD,WILD,14,M DIABO,18 Dec 1987,NONE,Capture,,
121,NA,NA,NA,NA,22,SAO PAULO,18 Dec 1987,17872,Transfer,,
121,NA,NA,NA,NA,22,SAO PAULO,30 Jan 1989,NA,Death,,
121,NA,NA,NA,NA,22,SAO PAULO,NA,NA,[Death by Other /Unknown  Given to an institution  Necropsy planned later],,
122,M,5 Jan 1988,58,72,21,RIO PRIM,5 Jan 1988,890,Birth,,
122,NA,NA,NA,NA,21,RIO PRIM,16 Mar 1988,NA,Death,,
122,NA,NA,NA,NA,21,RIO PRIM,NA,NA,[Death by Unknown means],,
123,M,????,WILD,WILD,14,M DIABO,11 Nov 1986,NONE,Capture,,
123,NA,NA,NA,NA,22,SAO PAULO,11 Nov 1986,16705,Transfer,,
123,NA,NA,NA,NA,22,SAO PAULO,25 May 1987,NA,Death,,
123,NA,NA,NA,NA,22,SAO PAULO,NA,NA,[Death by Unknown means],,
124,M,23 Aug 1988,73,74,21,RIO PRIM,23 Aug 1988,930,Birth,,
124,NA,NA,NA,NA,22,SAO PAULO,8 Feb 1994,21429,Transfer,,
124,NA,NA,NA,NA,22,SAO PAULO,2 Mar 2002,NA,Death,,
124,NA,NA,NA,NA,22,SAO PAULO,NA,NA,[Death by Other /Unknown  Unknown  Generalized  Viral],,
125,F,23 Aug 1988,73,74,21,RIO PRIM,23 Aug 1988,931,Birth,ESME,
125,NA,NA,NA,NA,10,JERSEY,31 Aug 1990,M1597,Transfer,,
125,NA,NA,NA,NA,10,JERSEY,23 Apr 2008,NA,Death,,
125,NA,NA,NA,NA,10,JERSEY,NA,NA,[Death by Other /Unknown  Unknown  Necropsy planned later  Unknown after necropsy],,
126,M,25 Aug 1988,97,98,22,SAO PAULO,25 Aug 1988,17662,Birth,,
126,NA,NA,NA,NA,22,SAO PAULO,28 Mar 1998,NA,Death,,
126,NA,NA,NA,NA,22,SAO PAULO,NA,NA,[Death by Unknown means],,
127,F,25 Aug 1988,97,98,22,SAO PAULO,25 Aug 1988,17663,Birth,,
127,NA,NA,NA,NA,22,SAO PAULO,24 Apr 2010,NA,Death,,
127,NA,NA,NA,NA,22,SAO PAULO,NA,NA,[Death by Unknown means],,
128,M,28 Sep 1988,32,44,21,RIO PRIM,28 Sep 1988,945,Birth,,
128,NA,NA,NA,NA,22,SAO PAULO,13 Nov 1991,19819,Transfer,,
128,NA,NA,NA,NA,7,CENTRALPK,19 Apr 1995,956097,Transfer,,
128,NA,NA,NA,NA,19,PROSPECTP,1 Jun 2000,956097,Transfer,,
128,NA,NA,NA,NA,19,PROSPECTP,24 Jul 2007,NA,Death,,
128,NA,NA,NA,NA,19,PROSPECTP,NA,NA,[Death by Unknown means],,
129,M,28 Sep 1988,96,95,22,SAO PAULO,28 Sep 1988,17578,Birth,,
129,NA,NA,NA,NA,22,SAO PAULO,12 Aug 1990,NA,Death,,
129,NA,NA,NA,NA,22,SAO PAULO,NA,NA,[Death by Other /Unknown  Given to an institution SAO PAULO  Necropsy planned later],,
130,M,1 Oct 1988,69,76,21,RIO PRIM,1 Oct 1988,950,Birth,,
130,NA,NA,NA,NA,21,RIO PRIM,1 Dec 2002,NA,Death,,
130,NA,NA,NA,NA,21,RIO PRIM,NA,NA,[Death by Unknown means],,
131,M,1 Oct 1988,69,76,21,RIO PRIM,1 Oct 1988,951,Birth,,
131,NA,NA,NA,NA,22,SAO PAULO,8 Feb 1994,21437,Transfer,,
131,NA,NA,NA,NA,22,SAO PAULO,29 Jul 2000,NA,Death,,
131,NA,NA,NA,NA,22,SAO PAULO,NA,NA,[Death by Unknown means],,
132,M,3 Oct 1988,99,100,22,SAO PAULO,3 Oct 1988,17728,Birth,,
132,NA,NA,NA,NA,22,SAO PAULO,1 Sep 1994,NA,Death,,
132,NA,NA,NA,NA,22,SAO PAULO,NA,NA,[Death by Unknown means],,
133,F,3 Oct 1988,99,100,22,SAO PAULO,3 Oct 1988,17729,Birth,,
133,NA,NA,NA,NA,7,CENTRALPK,19 Apr 1995,956098,Transfer,,
133,NA,NA,NA,NA,7,CENTRALPK,11 Apr 2003,NA,Death,,
133,NA,NA,NA,NA,7,CENTRALPK,NA,NA,[Death by Euthanasia (medical)  Incinerate   Necropsy planned later],,
134,M,2 Dec 1988,58,72,21,RIO PRIM,2 Dec 1988,975,Birth,,
134,NA,NA,NA,NA,21,RIO PRIM,18 Nov 1991,NA,Death,,
134,NA,NA,NA,NA,21,RIO PRIM,NA,NA,[Death by Unknown means],,
135,F,28 Jan 1989,73,74,21,RIO PRIM,28 Jan 1989,988,Birth,,
135,NA,NA,NA,NA,21,RIO PRIM,8 Oct 1993,NA,Death,,
135,NA,NA,NA,NA,21,RIO PRIM,NA,NA,[Death by Unknown means],,
136,M,28 Jan 1989,73,74,21,RIO PRIM,28 Jan 1989,989,Birth,,
136,NA,NA,NA,NA,21,RIO PRIM,22 Jul 1989,NA,Death,,
136,NA,NA,NA,NA,21,RIO PRIM,NA,NA,[Death by Unknown means],,
137,M,26 Aug 1989,59,57,21,RIO PRIM,26 Aug 1989,1020,Birth,,
137,NA,NA,NA,NA,21,RIO PRIM,22 Jan 1992,NA,Death,,
137,NA,NA,NA,NA,21,RIO PRIM,NA,NA,[Death by Unknown means],,
138,F,26 Aug 1989,59,57,21,RIO PRIM,26 Aug 1989,1021,Birth,,
138,NA,NA,NA,NA,21,RIO PRIM,27 Nov 1991,NA,Death,,
138,NA,NA,NA,NA,21,RIO PRIM,NA,NA,[Death by Unknown means],,
139,M,1 Sep 1989,97,98,22,SAO PAULO,1 Sep 1989,18303,Birth,,
139,NA,NA,NA,NA,22,SAO PAULO,2 Mar 1991,NA,Death,,
139,NA,NA,NA,NA,22,SAO PAULO,NA,NA,[Death by Other /Unknown  Given to an institution SAO PAULO  Necropsy planned later],,
140,F,23 Sep 1989,73,74,21,RIO PRIM,23 Sep 1989,1036,Birth,TINA,
140,NA,NA,NA,NA,9,FORTWORTH,4 Aug 1995,1215,Transfer,,
140,NA,NA,NA,NA,7,CENTRALPK,19 Nov 1998,986160,Transfer,,
140,NA,NA,NA,NA,19,PROSPECTP,28 Jul 1999,986160,Transfer,,
140,NA,NA,NA,NA,19,PROSPECTP,7 Apr 2008,NA,Death,,
140,NA,NA,NA,NA,19,PROSPECTP,NA,NA,[Death by Unknown means],,
141,F,23 Sep 1989,73,74,21,RIO PRIM,23 Sep 1989,1037,Birth,,
141,NA,NA,NA,NA,WILD,3 Jan 1991,______,Release ,,
141,NA,NA,NA,NA,21,RIO PRIM,4 Jan 1991,NA,Death,,
141,NA,NA,NA,NA,21,RIO PRIM,NA,NA,[Death by Unknown means],,
142,M,28 Sep 1989,69,76,21,RIO PRIM,28 Sep 1989,1047,Birth,CAPTAIN,
142,NA,NA,NA,NA,9,FORTWORTH,4 Aug 1995,1213,Transfer,,
142,NA,NA,NA,NA,7,CENTRALPK,19 Nov 1998,986157,Transfer,,
142,NA,NA,NA,NA,19,PROSPECTP,28 Jul 1999,986157,Transfer,,
142,NA,NA,NA,NA,7,CENTRALPK,1 Jun 2000,142,Transfer,,
142,NA,NA,NA,NA,7,CENTRALPK,7 Nov 2002,NA,Death,,
142,NA,NA,NA,NA,7,CENTRALPK,NA,NA,[Death by Unknown means],,
143,F,28 Sep 1989,69,76,21,RIO PRIM,28 Sep 1989,1048,Birth,,
143,NA,NA,NA,NA,21,RIO PRIM,26 Dec 1997,NA,Death,,
143,NA,NA,NA,NA,21,RIO PRIM,NA,NA,[Death by Unknown means],,
144,M,30 Sep 1989,96,95,22,SAO PAULO,30 Sep 1989,18304,Birth,,
144,NA,NA,NA,NA,22,SAO PAULO,27 Jan 1991,NA,Death,,
144,NA,NA,NA,NA,22,SAO PAULO,NA,NA,[Death by Other /Unknown  Given to an institution SAO PAULO  Necropsy planned later],,
145,M,7 Oct 1989,58,72,21,RIO PRIM,7 Oct 1989,1055,Birth,,
145,NA,NA,NA,NA,21,RIO PRIM,2 Jul 1993,NA,Death,,
145,NA,NA,NA,NA,21,RIO PRIM,NA,NA,[Death by Unknown means],,
146,F,7 Oct 1989,58,72,21,RIO PRIM,7 Oct 1989,1056,Birth,,
146,NA,NA,NA,NA,22,SAO PAULO,8 Feb 1994,21431,Transfer,,
146,NA,NA,NA,NA,22,SAO PAULO,27 Jan 1997,NA,Death,,
146,NA,NA,NA,NA,22,SAO PAULO,NA,NA,[Death by Unknown means],,
147,M,21 Dec 1989,45,85,21,RIO PRIM,21 Dec 1989,1085,Birth,,
147,NA,NA,NA,NA,21,RIO PRIM,28 Dec 1989,NA,Death,,
147,NA,NA,NA,NA,21,RIO PRIM,NA,NA,[Death by Unknown means],,
148,F,21 Dec 1989,45,85,21,RIO PRIM,21 Dec 1989,1086,Birth,,
148,NA,NA,NA,NA,21,RIO PRIM,27 Dec 1989,NA,Death,,
148,NA,NA,NA,NA,21,RIO PRIM,NA,NA,[Death by Unknown means],,
149,M,10 Jan 1989,59,57,21,RIO PRIM,10 Jan 1989,1094,Birth,,
149,NA,NA,NA,NA,21,RIO PRIM,8 Jul 1990,NA,Death,,
149,NA,NA,NA,NA,21,RIO PRIM,NA,NA,[Death by Unknown means],,
150,M,24 Jan 1990,73,74,21,RIO PRIM,24 Jan 1990,1097,Birth,,
150,NA,NA,NA,NA,21,RIO PRIM,24 Jan 1990,NA,Death,,
150,NA,NA,NA,NA,21,RIO PRIM,NA,NA,[Death by Unknown means],,
151,F,24 Jan 1990,73,74,21,RIO PRIM,24 Jan 1990,1096,Birth,,
151,NA,NA,NA,NA,21,RIO PRIM,24 Jan 1990,NA,Death,,
151,NA,NA,NA,NA,21,RIO PRIM,NA,NA,[Death by Unknown means],,
152,M,13 Sep 1990,73,74,21,RIO PRIM,13 Sep 1990,1137,Birth,,
152,NA,NA,NA,NA,21,RIO PRIM,15 Oct 1991,NA,Death,,
152,NA,NA,NA,NA,21,RIO PRIM,NA,NA,[Death by Unknown means],,
153,M,13 Sep 1990,73,74,21,RIO PRIM,13 Sep 1990,1138,Birth,,
153,NA,NA,NA,NA,21,RIO PRIM,8 Feb 1995,NA,Death,,
153,NA,NA,NA,NA,21,RIO PRIM,NA,NA,[Death by Unknown means],,
154,M,7 Oct 1990,77,57,21,RIO PRIM,7 Oct 1990,1153,Birth,NICEIKE,
154,NA,NA,NA,NA,9,FORTWORTH,4 Aug 1995,1214,Transfer,,
154,NA,NA,NA,NA,7,CENTRALPK,19 Nov 1998,986158,Transfer,,
154,NA,NA,NA,NA,17,NY BRONX,1 Jun 2000,986158,Transfer,,
154,NA,NA,NA,NA,19,PROSPECTP,1 Aug 2007,986158,Transfer,,
154,NA,NA,NA,NA,19,PROSPECTP,16 Jan 2008,NA,Death,,
154,NA,NA,NA,NA,19,PROSPECTP,NA,NA,[Death by Unknown means],,
155,F,7 Oct 1990,77,57,21,RIO PRIM,7 Oct 1990,1154,Birth,,
155,NA,NA,NA,NA,21,RIO PRIM,27 Jun 1993,NA,Death,,
155,NA,NA,NA,NA,21,RIO PRIM,NA,NA,[Death by Unknown means],,
156,M,10 Oct 1990,75,72,21,RIO PRIM,10 Oct 1990,1157,Birth,,
156,NA,NA,NA,NA,21,RIO PRIM,12 Oct 1990,NA,Death,,
156,NA,NA,NA,NA,21,RIO PRIM,NA,NA,[Death by Unknown means],,
157,M,10 Oct 1990,75,72,21,RIO PRIM,10 Oct 1990,1158,Birth,,
157,NA,NA,NA,NA,21,RIO PRIM,25 Jul 1991,NA,Death,,
157,NA,NA,NA,NA,21,RIO PRIM,NA,NA,[Death by Unknown means],,
158,F,10 Oct 1990,75,72,21,RIO PRIM,10 Oct 1990,1159,Birth,,
158,NA,NA,NA,NA,21,RIO PRIM,22 Jan 1992,NA,Death,,
158,NA,NA,NA,NA,21,RIO PRIM,NA,NA,[Death by Unknown means],,
159,?,27 Oct 1990,45,85,21,RIO PRIM,27 Oct 1990,1166,Birth,,
159,NA,NA,NA,NA,21,RIO PRIM,20 Nov 1990,NA,Death,,
159,NA,NA,NA,NA,21,RIO PRIM,NA,NA,[Death by Unknown means],,
160,M,18 Nov 1990,130,135,21,RIO PRIM,18 Nov 1990,1183,Birth,,
160,NA,NA,NA,NA,21,RIO PRIM,17 Feb 1992,NA,Death,,
160,NA,NA,NA,NA,21,RIO PRIM,NA,NA,[Death by Unknown means],,
161,M,18 Nov 1990,130,135,21,RIO PRIM,18 Nov 1990,1184,Birth,,
161,NA,NA,NA,NA,21,RIO PRIM,13 Dec 2001,NA,Death,,
161,NA,NA,NA,NA,21,RIO PRIM,NA,NA,[Death by Unknown means],,
162,F,25 Nov 1990,69,76,21,RIO PRIM,25 Nov 1990,1189,Birth,,
162,NA,NA,NA,NA,21,RIO PRIM,12 Jan 1993,NA,Death,,
162,NA,NA,NA,NA,21,RIO PRIM,NA,NA,[Death by Environ/Behav conditions  Unknown  Unknown (after necropsy)],,
163,F,25 Nov 1990,69,76,21,RIO PRIM,25 Nov 1990,1190,Birth,,
163,NA,NA,NA,NA,21,RIO PRIM,20 Sep 1998,NA,Death,,
163,NA,NA,NA,NA,21,RIO PRIM,NA,NA,[Death by Unknown means],,
164,?,1 Sep 1990,106,125,10,JERSEY,1 Sep 1990,M1604,Birth,,
164,NA,NA,NA,NA,10,JERSEY,1 Sep 1994,NA,Death,,
164,NA,NA,NA,NA,10,JERSEY,NA,NA,[Death by Premature birth  Unknown  Unknown (after necropsy)],,
165,M,17 Feb 1991,73,74,21,RIO PRIM,17 Feb 1991,1213,Birth,,
165,NA,NA,NA,NA,21,RIO PRIM,20 Sep 1998,NA,Death,,
165,NA,NA,NA,NA,21,RIO PRIM,NA,NA,[Death by Unknown means],,
166,F,17 Feb 1991,73,74,21,RIO PRIM,17 Feb 1991,1214,Birth,,
166,NA,NA,NA,NA,21,RIO PRIM,5 Feb 2002,NA,Death,,
166,NA,NA,NA,NA,21,RIO PRIM,NA,NA,[Death by Other /Unknown  Mounted or Preserved RIO PRIM  No necropsy planned],,
167,F,28 Feb 1991,113,111,21,RIO PRIM,28 Feb 1991,1217,Birth,,
167,NA,NA,NA,NA,21,RIO PRIM,28 Feb 1991,NA,Death,,
167,NA,NA,NA,NA,21,RIO PRIM,NA,NA,[Death by Stillbirth  Unknown  Unknown (after necropsy)],,
168,F,15 Apr 1991,106,125,10,JERSEY,15 Apr 1991,M1671,Birth,DEVRA,
168,NA,NA,NA,NA,10,JERSEY,25 Oct 2009,NA,Death,,
168,NA,NA,NA,NA,10,JERSEY,NA,NA,[Death by Euthanasia (medical)  Unknown  Unknown (after necropsy)],,
169,M,15 Apr 1991,106,125,10,JERSEY,15 Apr 1991,M1672,Birth,,
169,NA,NA,NA,NA,10,JERSEY,15 Apr 1991,NA,Death,,
169,NA,NA,NA,NA,10,JERSEY,NA,NA,[Death by Stillbirth  Unknown  Unknown (after necropsy)],,
170,M,1990,WILD,WILD,20,R BONITO,25 May 1991,NONE,Capture,,
170,NA,NA,NA,NA,22,SAO PAULO,25 May 1991,19618,Transfer,,
170,NA,NA,NA,NA,22,SAO PAULO,26 Feb 1998,NA,Death,,
170,NA,NA,NA,NA,22,SAO PAULO,NA,NA,[Death by Unknown means],,
171,F,1990,WILD,WILD,20,R BONITO,25 May 1991,NONE,Capture,,
171,NA,NA,NA,NA,22,SAO PAULO,25 May 1991,19619,Transfer,,
171,NA,NA,NA,NA,2,BAURU ZOO,30 Apr 2002,171,Transfer,,
171,NA,NA,NA,NA,2,BAURU ZOO,6 Jan 2010,NA,Death,,
171,NA,NA,NA,NA,2,BAURU ZOO,NA,NA,[Death by Other /Unknown  Unknown  Necropsy done(no info)  Unknown after necropsy  Necropsy not received],,
172,F,1991,170,171,20,R BONITO,25 May 1991,NONE,Capture,,
172,NA,NA,NA,NA,22,SAO PAULO,25 May 1991,19620,Transfer,,
172,NA,NA,NA,NA,22,SAO PAULO,16 Jul 1992,NA,Death,,
172,NA,NA,NA,NA,22,SAO PAULO,NA,NA,[Death by Unknown means],,
173,M,12 Jun 1991,84,105,10,JERSEY,12 Jun 1991,M1707,Birth,,
173,NA,NA,NA,NA,10,JERSEY,12 Jun 1991,NA,Death,,
173,NA,NA,NA,NA,10,JERSEY,NA,NA,[Death by Stillbirth  Unknown  Unknown (after necropsy)],,
174,F,12 Jun 1991,84,105,10,JERSEY,12 Jun 1991,M1708,Birth,,
174,NA,NA,NA,NA,16,MAGDEBURG,19 Jan 1995,281001,Transfer,,
174,NA,NA,NA,NA,16,MAGDEBURG,7 Dec 1999,NA,Death,,
174,NA,NA,NA,NA,16,MAGDEBURG,NA,NA,[Death by Other /Unknown  Unknown  Digestive  Rickettsial],,
175,M,12 Sep 1991,73,74,21,RIO PRIM,12 Sep 1991,1246,Birth,,
175,NA,NA,NA,NA,21,RIO PRIM,13 Sep 1991,NA,Death,,
175,NA,NA,NA,NA,21,RIO PRIM,NA,NA,[Death by Unknown means],,
176,F,12 Sep 1991,73,74,21,RIO PRIM,12 Sep 1991,1247,Birth,,
176,NA,NA,NA,NA,21,RIO PRIM,13 Sep 1991,NA,Death,,
176,NA,NA,NA,NA,21,RIO PRIM,NA,NA,[Death by Unknown means],,
177,M,22 Sep 1991,77,57,21,RIO PRIM,22 Sep 1991,1252,Birth,,
177,NA,NA,NA,NA,21,RIO PRIM,27 Apr 1993,NA,Death,,
177,NA,NA,NA,NA,21,RIO PRIM,NA,NA,[Death by Unknown means],,
178,F,22 Sep 1991,77,57,21,RIO PRIM,22 Sep 1991,1253,Birth,,
178,NA,NA,NA,NA,21,RIO PRIM,22 Feb 1995,NA,Death,,
178,NA,NA,NA,NA,21,RIO PRIM,NA,NA,[Death by Unknown means],,
179,M,25 Sep 1991,106,125,10,JERSEY,25 Sep 1991,M1744,Birth,,
179,NA,NA,NA,NA,10,JERSEY,25 Sep 1991,NA,Death,,
179,NA,NA,NA,NA,10,JERSEY,NA,NA,[Death by Stillbirth  Unknown  Unknown (after necropsy)],,
180,M,27 Sep 1991,96,91,22,SAO PAULO,27 Sep 1991,19775,Birth,,
180,NA,NA,NA,NA,2,BAURU ZOO,22 Aug 1995,______,Transfer,,
180,NA,NA,NA,NA,2,BAURU ZOO,29 Jun 2009,NA,Death,,
180,NA,NA,NA,NA,2,BAURU ZOO,NA,NA,[Death by Other /Unknown  Unknown  Necropsy done(no info)  Unknown after necropsy  Necropsy not received],,
181,F,27 Sep 1991,96,91,22,SAO PAULO,27 Sep 1991,19776,Birth,,
181,NA,NA,NA,NA,22,SAO PAULO,30 Apr 1992,NA,Death,,
181,NA,NA,NA,NA,22,SAO PAULO,NA,NA,[Death by Unknown means],,
182,M,25 Oct 1991,131,138,21,RIO PRIM,25 Oct 1991,1277,Birth,,
182,NA,NA,NA,NA,21,RIO PRIM,27 Nov 1991,NA,Death,,
182,NA,NA,NA,NA,21,RIO PRIM,NA,NA,[Death by Unknown means],,
183,M,29 Oct 1991,75,72,21,RIO PRIM,29 Oct 1991,1282,Birth,,
183,NA,NA,NA,NA,21,RIO PRIM,29 Oct 1991,NA,Death,,
183,NA,NA,NA,NA,21,RIO PRIM,NA,NA,[Death by Unknown means],,
184,M,29 Oct 1991,75,72,21,RIO PRIM,29 Oct 1991,1283,Birth,,
184,NA,NA,NA,NA,21,RIO PRIM,29 Oct 1991,NA,Death,,
184,NA,NA,NA,NA,21,RIO PRIM,NA,NA,[Death by Stillbirth  Unknown  Unknown (after necropsy)],,
185,F,29 Oct 1991,77,72,21,RIO PRIM,29 Oct 1991,1284,Birth,,
185,NA,NA,NA,NA,21,RIO PRIM,29 Oct 1991,NA,Death,,
185,NA,NA,NA,NA,21,RIO PRIM,NA,NA,[Death by Stillbirth  Unknown  Unknown (after necropsy)],,
186,M,3 Nov 1991,113,111,21,RIO PRIM,3 Nov 1991,1292,Birth,,
186,NA,NA,NA,NA,21,RIO PRIM,3 Nov 1991,NA,Death,,
186,NA,NA,NA,NA,21,RIO PRIM,NA,NA,[Death by Stillbirth  Unknown  Unknown (after necropsy)],,
187,M,3 Nov 1991,113,111,21,RIO PRIM,3 Nov 1991,1293,Birth,,
187,NA,NA,NA,NA,21,RIO PRIM,3 Nov 1991,NA,Death,,
187,NA,NA,NA,NA,21,RIO PRIM,NA,NA,[Death by Stillbirth  Unknown  Unknown (after necropsy)],,
188,M,1 Dec 1991,132,89,22,SAO PAULO,1 Dec 1991,19896,Birth,,
188,NA,NA,NA,NA,11,KREFELD,3 May 1995,854,Transfer,,
188,NA,NA,NA,NA,11,KREFELD,6 Dec 2007,NA,Death,,
188,NA,NA,NA,NA,11,KREFELD,NA,NA,[Death by Euthanasia (medical)  Given to an institution VETINSTKR  Cardiovascular  Metabolism],,
189,M,1 Dec 1991,132,89,22,SAO PAULO,1 Dec 1991,19897,Birth,AMOS,
189,NA,NA,NA,NA,21,RIO PRIM,6 Feb 1994,1462,Transfer,,
189,NA,NA,NA,NA,10,JERSEY,12 Jul 1994,M2039,Transfer,,
189,NA,NA,NA,NA,10,JERSEY,23 Jun 2007,NA,Death,,
189,NA,NA,NA,NA,10,JERSEY,NA,NA,[Death by Other /Unknown  Unknown  Necropsy planned later],,
190,M,13 Jan 1992,73,74,21,RIO PRIM,13 Jan 1992,1313,Birth,,
190,NA,NA,NA,NA,21,RIO PRIM,27 Apr 1993,NA,Death,,
190,NA,NA,NA,NA,21,RIO PRIM,NA,NA,[Death by Unknown means],,
191,F,13 Jan 1992,73,74,21,RIO PRIM,13 Jan 1992,1314,Birth,,
191,NA,NA,NA,NA,21,RIO PRIM,3 Dec 1998,NA,Death,,
191,NA,NA,NA,NA,21,RIO PRIM,NA,NA,[Death by Unknown means],,
192,F,24 Jan 1992,130,135,21,RIO PRIM,24 Jan 1992,1309,Birth,,
192,NA,NA,NA,NA,21,RIO PRIM,24 Nov 1992,NA,Death,,
192,NA,NA,NA,NA,21,RIO PRIM,NA,NA,[Death by Unknown means],,
193,M,28 Feb 1992,106,125,10,JERSEY,28 Feb 1992,M1794,Birth,LAURY,
193,NA,NA,NA,NA,16,MAGDEBURG,19 Jan 1995,281002,Transfer,,
193,NA,NA,NA,NA,16,MAGDEBURG,18 Dec 2003,NA,Death,,
193,NA,NA,NA,NA,16,MAGDEBURG,NA,NA,[Death by Unknown means],,
194,M,28 Feb 1992,106,125,10,JERSEY,28 Feb 1992,M1795,Birth,CLAUDIO,
194,NA,NA,NA,NA,1,ADELAIDE,12 Oct 1995,950401,Transfer,,
194,NA,NA,NA,NA,1,ADELAIDE,4 Nov 2010,NA,Death,,
194,NA,NA,NA,NA,1,ADELAIDE,NA,NA,[Death by Euthanasia (medical)  Unknown  Unknown (after necropsy)],,
195,M,9 Jun 1992,84,105,10,JERSEY,9 Jun 1992,M1829,Birth,PINON,
195,NA,NA,NA,NA,10,JERSEY,19 Dec 2009,NA,Death,,
195,NA,NA,NA,NA,10,JERSEY,NA,NA,[Death by Euthanasia (medical)  Unknown  Unknown (after necropsy)],,
196,F,9 Jun 1992,84,105,10,JERSEY,9 Jun 1992,M1830,Birth,,
196,NA,NA,NA,NA,1,ADELAIDE,12 Oct 1995,950403,Transfer,,
196,NA,NA,NA,NA,1,ADELAIDE,3 Sep 2006,NA,Death,,
196,NA,NA,NA,NA,1,ADELAIDE,NA,NA,[Death by Other /Unknown  Unknown  Necropsy planned later],,
197,M,28 Jul 1992,106,125,10,JERSEY,28 Jul 1992,M1846,Birth,,
197,NA,NA,NA,NA,10,JERSEY,28 Jul 1992,NA,Death,,
197,NA,NA,NA,NA,10,JERSEY,NA,NA,[Death by Stillbirth  Unknown  No necropsy planned],,
198,F,28 Jul 1992,106,125,10,JERSEY,28 Jul 1992,M1847,Birth,,
198,NA,NA,NA,NA,1,ADELAIDE,12 Oct 1995,950404,Transfer,,
198,NA,NA,NA,NA,1,ADELAIDE,16 Nov 2011,NA,Death,,
198,NA,NA,NA,NA,1,ADELAIDE,NA,NA,[Death by Euthanasia (medical)  Unknown  Unknown (after necropsy)],,
199,M,6 Sep 1992,124,76,21,RIO PRIM,6 Sep 1992,1339,Birth,,
199,NA,NA,NA,NA,21,RIO PRIM,29 Sep 1992,NA,Death,,
199,NA,NA,NA,NA,21,RIO PRIM,NA,NA,[Death by Unknown means],,
200,F,6 Sep 1992,124,76,21,RIO PRIM,6 Sep 1992,1340,Birth,TENILLE,
200,NA,NA,NA,NA,9,FORTWORTH,4 Aug 1995,1216,Transfer,,
200,NA,NA,NA,NA,7,CENTRALPK,19 Nov 1998,986159,Transfer,,
200,NA,NA,NA,NA,17,NY BRONX,18 Dec 1998,986159,Transfer,,
200,NA,NA,NA,NA,17,NY BRONX,18 Nov 2005,NA,Death,,
200,NA,NA,NA,NA,17,NY BRONX,NA,NA,[Death by Unknown means],,
201,M,14 Sep 1992,73,74,21,RIO PRIM,14 Sep 1992,1347,Birth,,
201,NA,NA,NA,NA,21,RIO PRIM,26 Apr 1993,NA,Death,,
201,NA,NA,NA,NA,21,RIO PRIM,NA,NA,[Death by Unknown means],,
202,M,14 Sep 1992,73,74,21,RIO PRIM,14 Sep 1992,1348,Birth,,
202,NA,NA,NA,NA,21,RIO PRIM,25 Feb 2000,NA,Death,,
202,NA,NA,NA,NA,21,RIO PRIM,NA,NA,[Death by Unknown means],,
203,M,28 Sep 1992,132,89,22,SAO PAULO,28 Sep 1992,20387,Birth,,
203,NA,NA,NA,NA,23,SOROCABA,17 Aug 1995,______,Transfer,,
203,NA,NA,NA,NA,23,SOROCABA,6 Mar 1996,NA,Death,,
203,NA,NA,NA,NA,23,SOROCABA,NA,NA,[Death by Unknown means],,
204,F,28 Sep 1992,132,89,22,SAO PAULO,28 Sep 1992,20388,Birth,,
204,NA,NA,NA,NA,2,BAURU ZOO,22 Aug 1995,______,Transfer,,
204,NA,NA,NA,NA,2,BAURU ZOO,1 Jan 1998,NA,Death,,
204,NA,NA,NA,NA,2,BAURU ZOO,NA,NA,[Death by Unknown means],,
205,M,23 Oct 1992,130,135,21,RIO PRIM,23 Oct 1992,1365,Birth,,
205,NA,NA,NA,NA,21,RIO PRIM,15 Dec 1992,NA,Death,,
205,NA,NA,NA,NA,21,RIO PRIM,NA,NA,[Death by Unknown means],,
206,F,23 Oct 1992,130,135,21,RIO PRIM,23 Oct 1992,1366,Birth,,
206,NA,NA,NA,NA,21,RIO PRIM,23 Dec 1992,NA,Death,,
206,NA,NA,NA,NA,21,RIO PRIM,NA,NA,[Death by Unknown means],,
207,M,3 Nov 1992,124,162,21,RIO PRIM,3 Nov 1992,1372,Birth,,
207,NA,NA,NA,NA,22,SAO PAULO,8 Feb 1994,21430,Transfer,,
207,NA,NA,NA,NA,24,SAO CARLOS,16 Mar 2004,207,Transfer,,
207,NA,NA,NA,NA,19 Mar 2006,NA,Death,,,
207,NA,NA,NA,NA,24,SAO CARLOS,NA,NA,[Death by Unknown means],,
208,F,3 Nov 1992,124,162,21,RIO PRIM,3 Nov 1992,1373,Birth,,
208,NA,NA,NA,NA,21,RIO PRIM,18 Dec 1995,NA,Death,,
208,NA,NA,NA,NA,21,RIO PRIM,NA,NA,[Death by Unknown means],,
209,M,30 Nov 1992,118,146,21,RIO PRIM,30 Nov 1992,1378,Birth,DIAMANTE,
209,NA,NA,NA,NA,22,SAO PAULO,8 Feb 1994,21432,Transfer,,
209,NA,NA,NA,NA,4,BRASILIA,27 Oct 1994,1381,Transfer,,
209,NA,NA,NA,NA,4,BRASILIA,10 Sep 2002,NA,Death,,
209,NA,NA,NA,NA,4,BRASILIA,NA,NA,[Death by Other /Unknown  Mounted or Preserved BRASILIA  Digestive  Trauma],,
210,F,30 Nov 1992,118,146,21,RIO PRIM,30 Nov 1992,1379,Birth,,
210,NA,NA,NA,NA,21,RIO PRIM,7 Dec 1992,NA,Death,,
210,NA,NA,NA,NA,21,RIO PRIM,NA,NA,[Death by Unknown means],,
211,F,14 Dec 1992,96,91,22,SAO PAULO,14 Dec 1992,20528,Birth,CRISTAL,
211,NA,NA,NA,NA,4,BRASILIA,27 Oct 1994,1382,Transfer,,
211,NA,NA,NA,NA,22,SAO PAULO,15 Aug 2003,211,Transfer,,
211,NA,NA,NA,NA,22,SAO PAULO,15 Feb 2005,NA,Death,,
211,NA,NA,NA,NA,22,SAO PAULO,NA,NA,[Death by Other /Unknown  Unknown  Generalized  Unknown after necropsy],,
212,M,23 Dec 1992,145,155,21,RIO PRIM,23 Dec 1992,1382,Birth,,
212,NA,NA,NA,NA,21,RIO PRIM,24 Dec 1992,NA,Death,,
212,NA,NA,NA,NA,21,RIO PRIM,NA,NA,[Death by Unknown means],,
213,F,23 Dec 1992,145,155,21,RIO PRIM,23 Dec 1992,1383,Birth,,
213,NA,NA,NA,NA,21,RIO PRIM,25 Dec 1992,NA,Death,,
213,NA,NA,NA,NA,21,RIO PRIM,NA,NA,[Death by Unknown means],,
214,F,27 Dec 1992,126,92,22,SAO PAULO,27 Dec 1992,20532,Birth,,
214,NA,NA,NA,NA,11,KREFELD,3 May 1995,855,Transfer,,
214,NA,NA,NA,NA,11,KREFELD,28 Jul 2008,NA,Death,,
214,NA,NA,NA,NA,11,KREFELD,NA,NA,[Death by Euthanasia (medical)  Given to an institution VETINSTKR  Urinary  Metabolism],,
215,M,12 Feb 1993,106,125,10,JERSEY,12 Feb 1993,M1890,Birth,,
215,NA,NA,NA,NA,3,BELFAST,4 Sep 1997,2904,Transfer,,
216,F,12 Feb 1993,106,125,10,JERSEY,12 Feb 1993,M1891,Birth,,
216,NA,NA,NA,NA,10,JERSEY,15 Feb 1993,NA,Death,,
216,NA,NA,NA,NA,10,JERSEY,NA,NA,[Death by Unknown means],,
217,F,4 Mar 1993,84,105,10,JERSEY,4 Mar 1993,M1893,Birth,,
217,NA,NA,NA,NA,3,BELFAST,4 Sep 1997,2905,Transfer,,
218,M,5 Mar 1993,73,74,21,RIO PRIM,5 Mar 1993,1402,Birth,,
218,NA,NA,NA,NA,21,RIO PRIM,14 May 1993,NA,Death,,
218,NA,NA,NA,NA,21,RIO PRIM,NA,NA,[Death by Unknown means],,
219,M,12 Jul 1993,106,125,10,JERSEY,12 Jul 1993,M1934,Birth,,
219,NA,NA,NA,NA,3,BELFAST,4 Sep 1997,2907,Transfer,,
219,NA,NA,NA,NA,3,BELFAST,16 Jul 2001,NA,Death,,
219,NA,NA,NA,NA,3,BELFAST,NA,NA,[Death by Other /Unknown  Incinerate   Unknown (after necropsy)],,
220,F,12 Jul 1993,106,125,10,JERSEY,12 Jul 1993,M1935,Birth,TELVA,
221,?,4 Oct 1993,96,91,22,SAO PAULO,4 Oct 1993,20896,Birth,,
221,NA,NA,NA,NA,22,SAO PAULO,9 Oct 1993,NA,Death,,
221,NA,NA,NA,NA,22,SAO PAULO,NA,NA,[Death by Unknown means],,
222,M,4 Oct 1993,75,95,22,SAO PAULO,4 Oct 1993,20897,Birth,,
222,NA,NA,NA,NA,22,SAO PAULO,10 Apr 2002,NA,Death,,
222,NA,NA,NA,NA,22,SAO PAULO,NA,NA,[Death by Other /Unknown  Unknown  Generalized  Nutrition],,
223,M,5 Oct 1993,96,91,22,SAO PAULO,5 Oct 1993,20898,Birth,,
223,NA,NA,NA,NA,22,SAO PAULO,10 Jun 2001,NA,Death,,
223,NA,NA,NA,NA,22,SAO PAULO,NA,NA,[Death by Other /Unknown  Mounted or Preserved SAO PAULO  Generalized Circulatory, secondary],
224,F,5 Oct 1993,96,91,22,SAO PAULO,5 Oct 1993,20899,Birth,,
224,NA,NA,NA,NA,23,SOROCABA,17 Aug 1995,______,Transfer,,
224,NA,NA,NA,NA,23,SOROCABA,9 Mar 1996,NA,Death,,
224,NA,NA,NA,NA,23,SOROCABA,NA,NA,[Death by Unknown means],,
225,?,7 Oct 1993,132,89,22,SAO PAULO,7 Oct 1993,20900,Birth,,
225,NA,NA,NA,NA,22,SAO PAULO,7 Oct 1993,NA,Death,,
225,NA,NA,NA,NA,22,SAO PAULO,NA,NA,[Death by Unknown means],,
226,?,7 Oct 1993,132,89,22,SAO PAULO,7 Oct 1993,20901,Birth,,
226,NA,NA,NA,NA,22,SAO PAULO,7 Oct 1993,NA,Death,,
226,NA,NA,NA,NA,22,SAO PAULO,NA,NA,[Death by Unknown means],,
227,M,1 Nov 1993,124,76,21,RIO PRIM,1 Nov 1993,1435,Birth,,
227,NA,NA,NA,NA,21,RIO PRIM,4 Feb 1994,NA,Death,,
227,NA,NA,NA,NA,21,RIO PRIM,NA,NA,[Death by Unknown means],,
228,F,1 Nov 1993,124,76,21,RIO PRIM,1 Nov 1993,1436,Birth,,
228,NA,NA,NA,NA,21,RIO PRIM,21 Nov 1993,NA,Death,,
228,NA,NA,NA,NA,21,RIO PRIM,NA,NA,[Death by Unknown means],,
229,F,1 Dec 1993,71,143,21,RIO PRIM,1 Dec 1993,1442,Birth,,
229,NA,NA,NA,NA,21,RIO PRIM,28 Aug 1999,NA,Death,,
229,NA,NA,NA,NA,21,RIO PRIM,NA,NA,[Death by Unknown means],,
230,F,1 Dec 1993,71,143,21,RIO PRIM,1 Dec 1993,1443,Birth,,
230,NA,NA,NA,NA,21,RIO PRIM,1993,NA,Death,,
230,NA,NA,NA,NA,21,RIO PRIM,NA,NA,[Death by Unknown means],,
231,M,28 Dec 1993,118,146,21,RIO PRIM,28 Dec 1993,1449,Birth,,
231,NA,NA,NA,NA,21,RIO PRIM,28 Dec 1993,NA,Death,,
231,NA,NA,NA,NA,21,RIO PRIM,NA,NA,[Death by Unknown means],,
232,F,28 Dec 1993,118,146,21,RIO PRIM,28 Dec 1993,1450,Birth,,
232,NA,NA,NA,NA,21,RIO PRIM,31 Dec 1993,NA,Death,,
232,NA,NA,NA,NA,21,RIO PRIM,NA,NA,[Death by Unknown means],,
233,F,16 Jan 1994,84,105,10,JERSEY,16 Jan 1994,M1989,Birth,DIANA,
233,NA,NA,NA,NA,21,RIO PRIM,3 Jul 1999,1925,Transfer,,
233,NA,NA,NA,NA,21,RIO PRIM,4 Dec 2002,NA,Death,,
233,NA,NA,NA,NA,21,RIO PRIM,NA,NA,[Death by Unknown means],,
234,?,12 Feb 1994,106,125,10,JERSEY,12 Feb 1994,M1997,Birth,,
234,NA,NA,NA,NA,10,JERSEY,12 Feb 1994,NA,Death,,
234,NA,NA,NA,NA,10,JERSEY,NA,NA,[Death by Unknown means],,
235,?,12 Feb 1994,106,125,10,JERSEY,12 Feb 1994,1998,Birth,,
235,NA,NA,NA,NA,10,JERSEY,12 Feb 1994,NA,Death,,
235,NA,NA,NA,NA,10,JERSEY,NA,NA,[Death by Unknown means],,
236,F,22 Mar 1994,165,163,21,RIO PRIM,22 Mar 1994,1473,Birth,,
236,NA,NA,NA,NA,21,RIO PRIM,28 Mar 2000,NA,Death,,
236,NA,NA,NA,NA,21,RIO PRIM,NA,NA,[Death by Unknown means],,
237,F,1 Sep 1994,106,125,10,JERSEY,1 Sep 1994,M2055,Birth,YARA,
237,NA,NA,NA,NA,5,BRISTOL,11 Mar 1999,2770,Transfer,,
237,NA,NA,NA,NA,5,BRISTOL,15 Mar 2011,NA,Death,,
237,NA,NA,NA,NA,5,BRISTOL,NA,NA,[Death by Euthanasia (medical)  Unknown  Unknown (after necropsy)],,
238,?,1 Sep 1994,106,125,10,JERSEY,1 Sep 1994,2056,Birth,,
238,NA,NA,NA,NA,10,JERSEY,1 Sep 1994,NA,Death,,
238,NA,NA,NA,NA,10,JERSEY,NA,NA,[Death by Unknown means],,
239,M,2 Sep 1994,118,146,22,SAO PAULO,2 Sep 1994,21647,Birth,,
239,NA,NA,NA,NA,22,SAO PAULO,28 Sep 2003,NA,Death,,
239,NA,NA,NA,NA,22,SAO PAULO,NA,NA,[Death by Unknown means],,
240,F,2 Sep 1994,118,146,22,SAO PAULO,2 Sep 1994,21648,Birth,,
240,NA,NA,NA,NA,22,SAO PAULO,5 Feb 2005,NA,Death,,
240,NA,NA,NA,NA,22,SAO PAULO,NA,NA,[Death by Unknown means],,
241,F,29 Sep 1994,73,178,21,RIO PRIM,29 Sep 1994,1505,Birth,,
241,NA,NA,NA,NA,21,RIO PRIM,20 Dec 1996,NA,Death,,
241,NA,NA,NA,NA,21,RIO PRIM,NA,NA,[Death by Unknown means],,
242,F,29 Sep 1994,73,178,21,RIO PRIM,29 Sep 1994,1506,Birth,,
242,NA,NA,NA,NA,21,RIO PRIM,5 Oct 1994,NA,Death,,
242,NA,NA,NA,NA,21,RIO PRIM,NA,NA,[Death by Unknown means],,
243,F,4 Oct 1994,96,91,22,SAO PAULO,4 Oct 1994,21713,Birth,,
243,NA,NA,NA,NA,22,SAO PAULO,26 Jun 2002,NA,Death,,
243,NA,NA,NA,NA,22,SAO PAULO,NA,NA,[Death by Other /Unknown  Unknown  Generalized  Nutrition],,
244,?,5 Oct 1994,75,95,22,SAO PAULO,5 Oct 1994,21714,Birth,,
244,NA,NA,NA,NA,22,SAO PAULO,5 Oct 1994,NA,Death,,
244,NA,NA,NA,NA,22,SAO PAULO,NA,NA,[Death by Stillbirth  Unknown  No necropsy planned],,
245,?,5 Oct 1994,75,95,22,SAO PAULO,5 Oct 1994,21715,Birth,,
245,NA,NA,NA,NA,22,SAO PAULO,5 Oct 1994,NA,Death,,
245,NA,NA,NA,NA,22,SAO PAULO,NA,NA,[Death by Stillbirth  Unknown  No necropsy planned],,
246,F,18 Oct 1994,165,163,21,RIO PRIM,18 Oct 1994,1513,Birth,,
246,NA,NA,NA,NA,21,RIO PRIM,4 Jan 2001,NA,Death,,
246,NA,NA,NA,NA,21,RIO PRIM,NA,NA,[Death by Other /Unknown  Unknown  Respiratory  Unknown after necropsy],,
247,M,18 Oct 1994,165,163,21,RIO PRIM,18 Oct 1994,1514,Birth,,
247,NA,NA,NA,NA,21,RIO PRIM,11 Jul 1995,NA,Death,,
247,NA,NA,NA,NA,21,RIO PRIM,NA,NA,[Death by Unknown means],,
248,M,17 Nov 1994,130,191,21,RIO PRIM,17 Nov 1994,1522,Birth,,
248,NA,NA,NA,NA,21,RIO PRIM,25 Aug 2004,NA,Death,,
248,NA,NA,NA,NA,21,RIO PRIM,NA,NA,[Death by Infection associated  Unknown  Urinary Circulatory, secondary],
249,F,17 Nov 1994,130,191,21,RIO PRIM,17 Nov 1994,1523,Birth,,
249,NA,NA,NA,NA,21,RIO PRIM,18 Nov 1994,NA,Death,,
249,NA,NA,NA,NA,21,RIO PRIM,NA,NA,[Death by Unknown means],,
250,F,24 Dec 1994,77,208,21,RIO PRIM,24 Dec 1994,1531,Birth,,
250,NA,NA,NA,NA,21,RIO PRIM,24 Dec 1994,NA,Death,,
250,NA,NA,NA,NA,21,RIO PRIM,NA,NA,[Death by Unknown means],,
251,M,24 Dec 1994,77,208,21,RIO PRIM,24 Dec 1994,1532,Birth,,
251,NA,NA,NA,NA,21,RIO PRIM,20 Dec 2000,NA,Death,,
251,NA,NA,NA,NA,21,RIO PRIM,NA,NA,[Death by Unknown means],,
252,F,3 Feb 1995,118,146,22,SAO PAULO,3 Feb 1995,21848,Birth,,
252,NA,NA,NA,NA,22,SAO PAULO,3 Feb 1995,NA,Death,,
252,NA,NA,NA,NA,22,SAO PAULO,NA,NA,[Death by Unknown means],,
253,M,3 Feb 1995,118,146,22,SAO PAULO,3 Feb 1995,21849,Birth,,
253,NA,NA,NA,NA,22,SAO PAULO,20 Feb 1995,NA,Death,,
253,NA,NA,NA,NA,22,SAO PAULO,NA,NA,[Death by Unknown means],,
254,F,11 Feb 1995,84,105,10,JERSEY,11 Feb 1995,M2093,Birth,CASSIE,
254,NA,NA,NA,NA,3,BELFAST,4 Sep 1997,2906,Transfer,,
254,NA,NA,NA,NA,8,CHESTER,8 Sep 2006,C06584,Transfer,,
254,NA,NA,NA,NA,8,CHESTER,4 Jun 2007,NA,Death,,
254,NA,NA,NA,NA,8,CHESTER,NA,NA,[Death by Injury from exhibit mate  Unknown  Generalized  Trauma],,
255,?,11 Feb 1995,84,105,10,JERSEY,11 Feb 1995,M2094,Birth,,
255,NA,NA,NA,NA,10,JERSEY,25 Feb 1995,NA,Death,,
255,NA,NA,NA,NA,10,JERSEY,NA,NA,[Death by Unknown means],,
256,M,19 Mar 1995,106,125,10,JERSEY,19 Mar 1995,M2107,Birth,FERNANDO,
256,NA,NA,NA,NA,10,JERSEY,22 Oct 2012,NA,Death,,
256,NA,NA,NA,NA,10,JERSEY,NA,NA,[Death by Euthanasia (medical)  Unknown  Necropsy planned later  Unknown after necropsy],,
257,?,19 Mar 1995,106,125,10,JERSEY,19 Mar 1995,M2108,Birth,,
257,NA,NA,NA,NA,10,JERSEY,19 Mar 1995,NA,Death,,
257,NA,NA,NA,NA,10,JERSEY,NA,NA,[Death by Stillbirth  Unknown  No necropsy planned],,
258,M,18 Jun 1995,193,174,16,MAGDEBURG,18 Jun 1995,184003,Birth,,
258,NA,NA,NA,NA,16,MAGDEBURG,20 Feb 2014,NA,Death,,
258,NA,NA,NA,NA,16,MAGDEBURG,NA,NA,[Death by Other /Unknown  Unknown  Necropsy done(no info)  Unknown after necropsy  Necropsy received],,
259,M,18 Jun 1995,193,174,16,MAGDEBURG,18 Jun 1995,281004,Birth,,
259,NA,NA,NA,NA,16,MAGDEBURG,5 Apr 1996,NA,Death,,
259,NA,NA,NA,NA,16,MAGDEBURG,NA,NA,[Death by Unknown means],,
260,M,15 Jul 1995,84,105,10,JERSEY,15 Jul 1995,M2146,Birth,MARCO,
260,NA,NA,NA,NA,21,RIO PRIM,13 Jul 1999,______,Transfer,,
260,NA,NA,NA,NA,WILD,7 Aug 1999,______,Release ,,
260,NA,NA,NA,NA,21,RIO PRIM,30 Nov 1999,NA,Death,,
260,NA,NA,NA,NA,21,RIO PRIM,NA,NA,[Death by Unknown means],,
261,F,15 Jul 1995,84,105,10,JERSEY,15 Jul 1995,M2147,Birth,INEZ,
261,NA,NA,NA,NA,12,LA PALMYR,22 Dec 2008,______,Transfer,,
261,NA,NA,NA,NA,12,LA PALMYR,22 May 2009,NA,Death,,
261,NA,NA,NA,NA,12,LA PALMYR,NA,NA,[Death by Infection associated  Incinerate   Digestive  Mechanical abnormality],,
262,?,25 Jul 1995,106,125,10,JERSEY,25 Jul 1995,M2153,Birth,,
262,NA,NA,NA,NA,10,JERSEY,25 Jul 1995,NA,Death,,
262,NA,NA,NA,NA,10,JERSEY,NA,NA,[Death by Stillbirth  Unknown  No necropsy planned],,
263,M,30 Aug 1995,165,163,21,RIO PRIM,30 Aug 1995,1588,Birth,,
263,NA,NA,NA,NA,24,SAO CARLOS,10 Jun 2004,263,Transfer,,
263,NA,NA,NA,NA,22,SAO PAULO,20 Jul 2004,28548,Transfer,,
264,M,30 Aug 1995,165,163,21,RIO PRIM,30 Aug 1995,1589,Birth,,
264,NA,NA,NA,NA,21,RIO PRIM,2006,NA,Death,,
264,NA,NA,NA,NA,21,RIO PRIM,NA,NA,[Death by Unknown means],,
265,M,17 Sep 1995,130,191,21,RIO PRIM,17 Sep 1995,1594,Birth,,
265,NA,NA,NA,NA,21,RIO PRIM,17 Sep 1995,NA,Death,,
265,NA,NA,NA,NA,21,RIO PRIM,NA,NA,[Death by Injury from exhibit mate  Unknown  No necropsy planned],,
266,F,17 Sep 1995,130,191,21,RIO PRIM,17 Sep 1995,1595,Birth,,
266,NA,NA,NA,NA,24,SAO CARLOS,10 Jun 2004,266,Transfer,,
266,NA,NA,NA,NA,22,SAO PAULO,20 Jul 2004,28579,Transfer,,
266,NA,NA,NA,NA,22,SAO PAULO,6 Apr 2011,NA,Death,,
266,NA,NA,NA,NA,22,SAO PAULO,NA,NA,[Death by Euthanasia (medical)  Unknown  No necropsy planned],,
267,F,15 Sep 1995,130,191,21,RIO PRIM,15 Sep 1995,1596,Birth,,
267,NA,NA,NA,NA,24,SAO CARLOS,10 Jun 2004,267,Transfer,,
267,NA,NA,NA,NA,SAO PAULO Jul 2004,28580,Transfer,,,
267,NA,NA,NA,NA,24,SAO CARLOS,13 Dec 2011,NA,Death,,
267,NA,NA,NA,NA,24,SAO CARLOS,NA,NA,[Death by Unknown means],,
268,M,26 Sep 1995,146,SAO PAULO,26 Sep 1995,22109,Birth,,,
268,NA,NA,NA,NA,24,SAO CARLOS,31 Oct 2010,NA,Death,,
268,NA,NA,NA,NA,24,SAO CARLOS,NA,NA,[Death by Unknown means],,
269,?,26 Sep 1995,118,146,22,SAO PAULO,26 Sep 1995,21107,Birth,,
269,NA,NA,NA,NA,22,SAO PAULO,26 Sep 1995,NA,Death,,
269,NA,NA,NA,NA,22,SAO PAULO,NA,NA,[Death by Stillbirth  Unknown  No necropsy planned],,
270,?,26 Sep 1995,118,146,22,SAO PAULO,26 Sep 1995,22108,Birth,,
270,NA,NA,NA,NA,22,SAO PAULO,13 Oct 1995,NA,Death,,
270,NA,NA,NA,NA,22,SAO PAULO,NA,NA,[Death by Unknown means],,
271,?,20 Oct 1995,96,91,22,SAO PAULO,20 Oct 1995,22164,Birth,,
271,NA,NA,NA,NA,22,SAO PAULO,19 Feb 1998,NA,Death,,
271,NA,NA,NA,NA,22,SAO PAULO,NA,NA,[Death by Unknown means],,
272,?,23 Oct 1995,45,127,22,SAO PAULO,23 Oct 1995,22167,Birth,,
272,NA,NA,NA,NA,22,SAO PAULO,23 Oct 1995,NA,Death,,
272,NA,NA,NA,NA,22,SAO PAULO,NA,NA,[Death by Stillbirth  Unknown  No necropsy planned],,
273,F,24 Oct 1995,209,211,4,BRASILIA,24 Oct 1995,1488,Birth,PRETINHA,
273,NA,NA,NA,NA,4,BRASILIA,11 Sep 2002,NA,Death,,
273,NA,NA,NA,NA,4,BRASILIA,NA,NA,[Death by Other /Unknown  Mounted or Preserved BRASILIA  Digestive  Trauma],,
274,M,24 Oct 1995,209,211,4,BRASILIA,24 Oct 1995,1487,Birth,,
274,NA,NA,NA,NA,4,BRASILIA,25 May 1996,NA,Death,,
274,NA,NA,NA,NA,4,BRASILIA,NA,NA,[Death by Environ/Behav conditions  Mounted or Preserved BRASILIA  Necropsy planned later  Unknown after necropsy],,
275,?,17 Nov 1995,203,224,23,SOROCABA,17 Nov 1995,______,Birth,,
275,NA,NA,NA,NA,23,SOROCABA,6 Mar 1996,NA,Death,,
275,NA,NA,NA,NA,23,SOROCABA,NA,NA,[Death by Injury from predator  Rendered  Unknown (after necropsy)],,
276,M,11 Dec 1995,77,208,21,RIO PRIM,11 Dec 1995,1625,Birth,,
276,NA,NA,NA,NA,21,RIO PRIM,21 Dec 1995,NA,Death,,
276,NA,NA,NA,NA,21,RIO PRIM,NA,NA,[Death by Unknown means],,
277,M,18 Dec 1995,75,95,22,SAO PAULO,18 Dec 1995,22343,Birth,,
277,NA,NA,NA,NA,22,SAO PAULO,24 Feb 1996,NA,Death,,
277,NA,NA,NA,NA,22,SAO PAULO,NA,NA,[Death by Unknown means],,
278,F,4 Oct 1994,96,91,22,SAO PAULO,4 Oct 1994,21712,Birth,,
278,NA,NA,NA,NA,22,SAO PAULO,1 Jan 1996,21712,Transfer,,
278,NA,NA,NA,NA,22,SAO PAULO,28 Jan 2004,NA,Death,,
278,NA,NA,NA,NA,22,SAO PAULO,NA,NA,[Death by Infection associated  Unknown  Digestive  Protozoan],,
279,M,14 Jan 1996,165,163,21,RIO PRIM,14 Jan 1996,1630,Birth,,
279,NA,NA,NA,NA,21,RIO PRIM,13 Sep 1998,NA,Death,,
279,NA,NA,NA,NA,21,RIO PRIM,NA,NA,[Death by Unknown means],,
280,F,14 Jan 1996,165,163,21,RIO PRIM,14 Jan 1996,1631,Birth,,
280,NA,NA,NA,NA,21,RIO PRIM,13 Mar 2002,NA,Death,,
280,NA,NA,NA,NA,21,RIO PRIM,NA,NA,[Death by Unknown means],,
281,M,20 Feb 1996,106,125,10,JERSEY,20 Feb 1996,M2214,Birth,,
281,NA,NA,NA,NA,5,BRISTOL,11 Mar 1999,2769,Transfer,,
281,NA,NA,NA,NA,5,BRISTOL,22 Apr 2007,NA,Death,,
281,NA,NA,NA,NA,5,BRISTOL,NA,NA,[Death by Other /Unknown  Given to an institution EDINBURGH MUSEUM  Unknown (after necropsy)],,
282,?,20 Feb 1996,106,125,10,JERSEY,20 Feb 1996,M2215,Birth,,
282,NA,NA,NA,NA,10,JERSEY,23 Feb 1996,NA,Death,,
282,NA,NA,NA,NA,10,JERSEY,NA,NA,[Death by Unknown means],,
283,F,12 Apr 1996,193,174,16,MAGDEBURG,12 Apr 1996,184005,Birth,,
283,NA,NA,NA,NA,16,MAGDEBURG,4 May 2012,NA,Death,,
283,NA,NA,NA,NA,16,MAGDEBURG,NA,NA,[Death by Euthanasia (medical)  Incinerate   Unknown (after necropsy)],,
284,M,12 Apr 1996,193,174,16,MAGDEBURG,12 Apr 1996,184006,Birth,,
284,NA,NA,NA,NA,16,MAGDEBURG,9 Sep 2008,NA,Death,,
284,NA,NA,NA,NA,16,MAGDEBURG,NA,NA,[Death by Euthanasia (medical)  Incinerate   Unknown (after necropsy)],,
285,M,16 Sep 1996,165,163,21,RIO PRIM,16 Sep 1996,1694,Birth,,
285,NA,NA,NA,NA,21,RIO PRIM,21 Sep 1998,NA,Death,,
285,NA,NA,NA,NA,21,RIO PRIM,NA,NA,[Death by Unknown means],,
286,M,16 Sep 1996,165,163,21,RIO PRIM,16 Sep 1996,1695,Birth,,
286,NA,NA,NA,NA,21,RIO PRIM,18 Sep 1998,NA,Death,,
286,NA,NA,NA,NA,21,RIO PRIM,NA,NA,[Death by Unknown means],,
287,?,27 Sep 1996,209,211,4,BRASILIA,27 Sep 1996,______,Birth,,
287,NA,NA,NA,NA,4,BRASILIA,27 Sep 1996,NA,Death,,
287,NA,NA,NA,NA,4,BRASILIA,NA,NA,[Death by Premature birth  Unknown  Unknown (after necropsy)],,
288,?,27 Sep 1996,209,211,4,BRASILIA,27 Sep 1996,______,Birth,,
288,NA,NA,NA,NA,4,BRASILIA,27 Sep 1996,NA,Death,,
288,NA,NA,NA,NA,4,BRASILIA,NA,NA,[Death by Premature birth  Unknown  Unknown (after necropsy)],,
289,?,27 Sep 1996,209,211,4,BRASILIA,27 Sep 1996,______,Birth,,
289,NA,NA,NA,NA,4,BRASILIA,27 Sep 1996,NA,Death,,
289,NA,NA,NA,NA,4,BRASILIA,NA,NA,[Death by Premature birth  Unknown  Unknown (after necropsy)],,
290,?,12 Dec 1996,96,91,22,SAO PAULO,12 Dec 1996,22880,Birth,,
290,NA,NA,NA,NA,22,SAO PAULO,28 Mar 1997,NA,Death,,
290,NA,NA,NA,NA,22,SAO PAULO,NA,NA,[Death by Unknown means],,
291,M,19 Dec 1996,118,146,22,SAO PAULO,19 Dec 1996,22882,Birth,,
291,NA,NA,NA,NA,22,SAO PAULO,20 Feb 1997,NA,Death,,
291,NA,NA,NA,NA,22,SAO PAULO,NA,NA,[Death by Unknown means],,
292,M,21 Dec 1996,194,196,1,ADELAIDE,21 Dec 1996,960513,Birth,,
292,NA,NA,NA,NA,1,ADELAIDE,15 Nov 2011,NA,Death,,
292,NA,NA,NA,NA,1,ADELAIDE,NA,NA,[Death by Euthanasia (medical)  Unknown  Unknown (after necropsy)],,
293,M,1997,WILD,WILD,WILD,1 Jul 1999,NONE,Capture,,
293,NA,NA,NA,NA,21,RIO PRIM,1 Jul 1999,1926,Transfer,,
293,NA,NA,NA,NA,24,SAO CARLOS,10 Jun 2004,293,Transfer,,
293,NA,NA,NA,NA,22,SAO PAULO,20 Jul 2004,28549,Transfer,,
293,NA,NA,NA,NA,22,SAO PAULO,14 Sep 2007,NA,Death,,
293,NA,NA,NA,NA,22,SAO PAULO,NA,NA,[Death by Euthanasia (medical)  Unknown  Generalized  Unknown after necropsy],,
294,M,9 Jan 1997,195,220,10,JERSEY,9 Jan 1997,M2308,Birth,EPI,
294,NA,NA,NA,NA,5,BRISTOL,13 Sep 2007,9830,Transfer,,
294,NA,NA,NA,NA,5,BRISTOL,13 Jan 2011,NA,Death,,
294,NA,NA,NA,NA,5,BRISTOL,NA,NA,[Death by Euthanasia (medical)  Unknown  Unknown (after necropsy)],,
295,M,9 Jan 1997,195,220,10,JERSEY,9 Jan 1997,M2309,Birth,BLAS,
295,NA,NA,NA,NA,10,JERSEY,5 May 2006,NA,Death,,
295,NA,NA,NA,NA,10,JERSEY,NA,NA,[Death by Other /Unknown  Unknown  Necropsy planned later],,
296,F,29 Jan 1997,165,163,21,RIO PRIM,29 Jan 1997,1735,Birth,,
296,NA,NA,NA,NA,21,RIO PRIM,18 Feb 1998,NA,Death,,
296,NA,NA,NA,NA,21,RIO PRIM,NA,NA,[Death by Unknown means],,
297,M,29 Jan 1997,165,163,21,RIO PRIM,29 Jan 1997,1736,Birth,,
297,NA,NA,NA,NA,21,RIO PRIM,18 Sep 1998,NA,Death,,
297,NA,NA,NA,NA,21,RIO PRIM,NA,NA,[Death by Unknown means],,
298,F,29 Jan 1997,165,163,21,RIO PRIM,29 Jan 1997,1737,Birth,,
298,NA,NA,NA,NA,21,RIO PRIM,13 Mar 1997,NA,Death,,
298,NA,NA,NA,NA,21,RIO PRIM,NA,NA,[Death by Injury from predator  Unknown  Unknown (after necropsy)],,
299,F,11 Feb 1997,106,125,10,JERSEY,11 Feb 1997,M2320,Birth,LEONIE,
299,NA,NA,NA,NA,13,LISBON,27 Jun 2007,10170,Transfer,,
299,NA,NA,NA,NA,13,LISBON,7 Jul 2011,NA,Death,,
299,NA,NA,NA,NA,13,LISBON,NA,NA,[Death by Unknown means],,
300,M,2 Apr 1997,84,105,10,JERSEY,2 Apr 1997,M2332,Birth,LEONARDO,
300,NA,NA,NA,NA,21,RIO PRIM,3 Jul 1999,______,Transfer,,
300,NA,NA,NA,NA,21,RIO PRIM,13 Jul 1999,NA,Death,,
300,NA,NA,NA,NA,21,RIO PRIM,NA,NA,[Death by Unknown means],,
301,F,2 Apr 1997,84,105,10,JERSEY,2 Apr 1997,M2333,Birth,1924,
301,NA,NA,NA,NA,21,RIO PRIM,3 Jul 1999,1924,Transfer,,
301,NA,NA,NA,NA,21,RIO PRIM,24 Jan 2009,NA,Death,,
301,NA,NA,NA,NA,21,RIO PRIM,NA,NA,[Death by Unknown means],,
302,F,18 May 1997,193,174,16,MAGDEBURG,18 May 1997,184007,Birth,MAGDA,
302,NA,NA,NA,NA,10,JERSEY,4 Sep 2007,M2982,Transfer,,
302,NA,NA,NA,NA,10,JERSEY,24 Sep 2010,NA,Death,,
302,NA,NA,NA,NA,10,JERSEY,NA,NA,[Death by Euthanasia (medical)  Unknown  Necropsy planned later  Unknown after necropsy],,
303,?,8 Jul 1997,195,220,10,JERSEY,8 Jul 1997,M2365,Birth,,
303,NA,NA,NA,NA,10,JERSEY,8 Jul 1997,NA,Death,,
303,NA,NA,NA,NA,10,JERSEY,NA,NA,[Death by Stillbirth  Unknown  No necropsy planned],,
304,?,8 Jul 1997,195,220,10,JERSEY,8 Jul 1997,M2366,Birth,,
304,NA,NA,NA,NA,10,JERSEY,8 Jul 1997,NA,Death,,
304,NA,NA,NA,NA,10,JERSEY,NA,NA,[Death by Stillbirth  Unknown  Unknown (after necropsy)],,
305,M,8 Aug 1997,106,125,10,JERSEY,8 Aug 1997,M2380,Birth,VANDALAI,
305,NA,NA,NA,NA,8,CHESTER,17 Nov 2006,C06826,Transfer,,
305,NA,NA,NA,NA,8,CHESTER,7 Sep 2013,NA,Death,,
305,NA,NA,NA,NA,8,CHESTER,NA,NA,[Death by Other /Unknown  Unknown  Necropsy done(no info)  Unknown after necropsy  Necropsy received],,
306,F,8 Aug 1997,106,125,10,JERSEY,8 Aug 1997,M2381,Birth,ROXANNE,
306,NA,NA,NA,NA,10,JERSEY,14 Aug 2012,NA,Death,,
306,NA,NA,NA,NA,10,JERSEY,NA,NA,[Death by Unknown means],,
307,M,26 Aug 1997,45,127,22,SAO PAULO,26 Aug 1997,23397,Birth,,
307,NA,NA,NA,NA,22,SAO PAULO,29 Aug 1997,NA,Death,,
307,NA,NA,NA,NA,22,SAO PAULO,NA,NA,[Death by Unknown means],,
308,M,8 Sep 1997,248,229,21,RIO PRIM,8 Sep 1997,1810,Birth,,
308,NA,NA,NA,NA,21,RIO PRIM,4 Dec 2003,NA,Death,,
308,NA,NA,NA,NA,21,RIO PRIM,NA,NA,[Death by SelfNAinflicted injuries  Mounted or Preserved 1557  Respiratory  Trauma],,
309,F,8 Sep 1997,248,229,21,RIO PRIM,8 Sep 1997,1811,Birth,,
309,NA,NA,NA,NA,21,RIO PRIM,30 Aug 2000,NA,Death,,
309,NA,NA,NA,NA,21,RIO PRIM,NA,NA,[Death by Unknown means],,
310,F,10 Sep 1997,165,163,21,RIO PRIM,10 Sep 1997,1812,Birth,,
310,NA,NA,NA,NA,21,RIO PRIM,20 Sep 1998,NA,Death,,
310,NA,NA,NA,NA,21,RIO PRIM,NA,NA,[Death by Unknown means],,
311,F,10 Sep 1997,165,163,21,RIO PRIM,10 Sep 1997,1813,Birth,,
311,NA,NA,NA,NA,21,RIO PRIM,14 Sep 1998,NA,Death,,
311,NA,NA,NA,NA,21,RIO PRIM,NA,NA,[Death by Unknown means],,
312,M,11 Oct 1997,71,143,21,RIO PRIM,11 Oct 1997,1821,Birth,,
313,M,11 Oct 1997,71,143,21,RIO PRIM,11 Oct 1997,1820,Birth,,
313,NA,NA,NA,NA,21,RIO PRIM,12 Oct 1997,NA,Death,,
313,NA,NA,NA,NA,21,RIO PRIM,NA,NA,[Death by Malicious destruction  Unknown  Unknown (after necropsy)],,
314,F,15 Nov 1997,202,236,21,RIO PRIM,15 Nov 1997,1831,Birth,,
314,NA,NA,NA,NA,21,RIO PRIM,25 Sep 2003,NA,Death,,
314,NA,NA,NA,NA,21,RIO PRIM,NA,NA,[Death by Other /Unknown  Mounted or Preserved 1551  Unknown (after necropsy)],,
315,F,15 Nov 1997,202,236,21,RIO PRIM,15 Nov 1997,1832,Birth,,
315,NA,NA,NA,NA,21,RIO PRIM,1 Dec 2002,NA,Death,,
315,NA,NA,NA,NA,21,RIO PRIM,NA,NA,[Death by Other /Unknown  Mounted or Preserved RIO PRIM  No necropsy planned],,
316,M,27 Dec 1997,251,266,21,RIO PRIM,27 Dec 1997,1837,Birth,,
316,NA,NA,NA,NA,21,RIO PRIM,14 Sep 1999,NA,Death,,
316,NA,NA,NA,NA,21,RIO PRIM,NA,NA,[Death by Unknown means],,
317,M,27 Dec 1997,251,266,21,RIO PRIM,27 Dec 1997,1838,Birth,,
317,NA,NA,NA,NA,24,SAO CARLOS,10 Jun 2004,317,Transfer,,
317,NA,NA,NA,NA,22,SAO PAULO,20 Jul 2004,28568,Transfer,,
317,NA,NA,NA,NA,22,SAO PAULO,10 Feb 2005,NA,Death,,
317,NA,NA,NA,NA,22,SAO PAULO,NA,NA,[Death by Unknown means],,
318,F,30 Dec 1997,84,105,10,JERSEY,30 Dec 1997,M2403,Birth,EVA ,
318,NA,NA,NA,NA,21,RIO PRIM,3 Jul 1999,1923__,Transfer,,
318,NA,NA,NA,NA,21,RIO PRIM,22 Oct 2002,NA,Death,,
318,NA,NA,NA,NA,21,RIO PRIM,NA,NA,[Death by Unknown means],,
319,F,30 Dec 1997,84,105,10,JERSEY,30 Dec 1997,M2404,Birth,,
319,NA,NA,NA,NA,10,JERSEY,30 Dec 1997,NA,Death,,
319,NA,NA,NA,NA,10,JERSEY,NA,NA,[Death by Unknown means],,
320,M,28 Jan 1998,215,254,3,BELFAST,28 Jan 1998,3060,Birth,,
320,NA,NA,NA,NA,3,BELFAST,31 Jan 1998,NA,Death,,
320,NA,NA,NA,NA,3,BELFAST,NA,NA,[Death by Other /Unknown  Incinerate   Unknown (after necropsy)],,
321,M,28 Jan 1998,215,254,3,BELFAST,28 Jan 1998,3061,Birth,,
321,NA,NA,NA,NA,3,BELFAST,31 Jan 1998,NA,Death,,
321,NA,NA,NA,NA,3,BELFAST,NA,NA,[Death by Other /Unknown  Incinerate   Unknown (after necropsy)],,
322,?,6 Apr 1998,193,174,16,MAGDEBURG,6 Apr 1998,281009,Birth,,
322,NA,NA,NA,NA,16,MAGDEBURG,9 Apr 1998,NA,Death,,
322,NA,NA,NA,NA,16,MAGDEBURG,NA,NA,[Death by Injury from exhibit mate Bury  No necropsy planned],,
323,F,6 Apr 1998,193,174,16,MAGDEBURG,6 Apr 1998,184010,Birth,,
323,NA,NA,NA,NA,16,MAGDEBURG,11 Oct 2007,NA,Death,,
323,NA,NA,NA,NA,16,MAGDEBURG,NA,NA,[Death by Euthanasia (medical)  Incinerate   Generalized  Bacterial],,
324,F,14 Apr 1998,219,217,3,BELFAST,14 Apr 1998,3122,Birth,,
324,NA,NA,NA,NA,3,BELFAST,1 May 2002,NA,Death,,
324,NA,NA,NA,NA,3,BELFAST,NA,NA,[Death by Unknown means],,
325,M,14 Apr 1998,219,217,3,BELFAST,14 Apr 1998,3123,Birth,,
325,NA,NA,NA,NA,3,BELFAST,14 Apr 1998,NA,Death,,
325,NA,NA,NA,NA,3,BELFAST,NA,NA,[Death by Stillbirth  Incinerate   Unknown (after necropsy)],,
326,M,20 Apr 1998,106,125,10,JERSEY,20 Apr 1998,M2435,Birth,,
326,NA,NA,NA,NA,10,JERSEY,4 Mar 2006,NA,Death,,
326,NA,NA,NA,NA,10,JERSEY,NA,NA,[Death by Unknown means],,
327,M,20 Apr 1998,106,125,10,JERSEY,20 Apr 1998,M2436,Birth,ARCHIE,
327,NA,NA,NA,NA,10,JERSEY,17 May 2013,NA,Death,,
327,NA,NA,NA,NA,10,JERSEY,NA,NA,[Death by Infection associated  Mounted or Preserved  Generalized  Unknown after necropsy  Necropsy received],,
328,F,11 Aug 1998,195,220,10,JERSEY,11 Aug 1998,M2460,Birth,COCO,
328,NA,NA,NA,NA,16,MAGDEBURG,6 Sep 2007,184014,Transfer,,
328,NA,NA,NA,NA,16,MAGDEBURG,19 Nov 2007,NA,Death,,
328,NA,NA,NA,NA,16,MAGDEBURG,NA,NA,[Death by Euthanasia (medical)  Incinerate   Digestive  Nutrition],,
329,M,28 Sep 1998,202,236,21,RIO PRIM,28 Sep 1998,1869,Birth,,
329,NA,NA,NA,NA,21,RIO PRIM,18 May 2001,NA,Death,,
329,NA,NA,NA,NA,21,RIO PRIM,NA,NA,[Death by Infection associated  Unknown  Respiratory  Unknown after necropsy],,
330,F,28 Sep 1998,202,236,21,RIO PRIM,28 Sep 1998,1870,Birth,,
330,NA,NA,NA,NA,21,RIO PRIM,30 Oct 2002,NA,Death,,
330,NA,NA,NA,NA,21,RIO PRIM,NA,NA,[Death by Other /Unknown  Mounted or Preserved RIO PRIM  No necropsy planned],,
331,M,15 Nov 1998,215,254,3,BELFAST,15 Nov 1998,3366,Birth,,
331,NA,NA,NA,NA,3,BELFAST,15 Nov 1998,NA,Death,,
331,NA,NA,NA,NA,3,BELFAST,NA,NA,[Death by Stillbirth  Incinerate   Unknown (after necropsy)],,
332,M,15 Nov 1998,215,254,3,BELFAST,15 Nov 1998,3367,Birth,STICKY,
332,NA,NA,NA,NA,10,JERSEY,20 Oct 2011,M3179,Transfer,,
333,M,15 Nov 1998,215,254,3,BELFAST,15 Nov 1998,3368,Birth,ERIC,
333,NA,NA,NA,NA,11,KREFELD,20 Nov 2007,1839__,Transfer,,
333,NA,NA,NA,NA,16,MAGDEBURG,3 Nov 2008,184017,Transfer,,
334,M,17 Nov 1998,251,266,21,RIO PRIM,17 Nov 1998,1879,Birth,,
334,NA,NA,NA,NA,21,RIO PRIM,2006,NA,Death,,
334,NA,NA,NA,NA,21,RIO PRIM,NA,NA,[Death by Unknown means],,
335,M,17 Nov 1998,251,266,21,RIO PRIM,17 Nov 1998,1880,Birth,,
335,NA,NA,NA,NA,14,M DIABO,15 Sep 2000,______,Release ,,
335,NA,NA,NA,NA,NA Mar 2001,NA,Death,,,
335,NA,NA,NA,NA,14,M DIABO,NA,NA,[Death by Injury from predator  Incinerate   Unknown (after necropsy)],,
336,F,18 Dec 1998,71,280,21,RIO PRIM,18 Dec 1998,1886,Birth,,
336,NA,NA,NA,NA,21,RIO PRIM,26 Sep 1999,NA,Death,,
336,NA,NA,NA,NA,21,RIO PRIM,NA,NA,[Death by Unknown means],,
337,F,18 Dec 1998,71,280,21,RIO PRIM,18 Dec 1998,1885,Birth,,
337,NA,NA,NA,NA,21,RIO PRIM,1 Dec 2002,NA,Death,,
337,NA,NA,NA,NA,21,RIO PRIM,NA,NA,[Death by Unknown means],,
338,?,23 Jan 1999,248,229,21,RIO PRIM,23 Jan 1999,1899,Birth,,
338,NA,NA,NA,NA,21,RIO PRIM,23 Jan 1999,NA,Death,,
338,NA,NA,NA,NA,21,RIO PRIM,NA,NA,[Death by Unknown means],,
339,F,23 Jan 1999,248,229,21,RIO PRIM,23 Jan 1999,1898,Birth,,
339,NA,NA,NA,NA,21,RIO PRIM,2006,NA,Death,,
339,NA,NA,NA,NA,21,RIO PRIM,NA,NA,[Death by Unknown means],,
340,?,7 Feb 1999,193,174,16,MAGDEBURG,7 Feb 1999,281101,Birth,,
340,NA,NA,NA,NA,16,MAGDEBURG,7 Feb 1999,NA,Death,,
340,NA,NA,NA,NA,16,MAGDEBURG,NA,NA,[Death by Unknown means],,
341,?,7 Feb 1999,193,174,16,MAGDEBURG,7 Feb 1999,211012,Birth,,
341,NA,NA,NA,NA,16,MAGDEBURG,11 Feb 1999,NA,Death,,
341,NA,NA,NA,NA,16,MAGDEBURG,NA,NA,[Death by Unknown means],,
342,?,5 Apr 1999,195,220,10,JERSEY,5 Apr 1999,M2519,Birth,,
342,NA,NA,NA,NA,10,JERSEY,5 Apr 1999,NA,Death,,
342,NA,NA,NA,NA,10,JERSEY,NA,NA,[Death by Unknown means],,
343,?,21 Apr 1999,106,125,10,JERSEY,21 Apr 1999,M2529,Birth,,
343,NA,NA,NA,NA,10,JERSEY,21 Apr 1999,NA,Death,,
343,NA,NA,NA,NA,10,JERSEY,NA,NA,[Death by Unknown means],,
344,?,21 Apr 1999,106,125,10,JERSEY,21 Apr 1999,M2530,Birth,,
344,NA,NA,NA,NA,10,JERSEY,21 Apr 1999,NA,Death,,
344,NA,NA,NA,NA,10,JERSEY,NA,NA,[Death by Unknown means],,
345,F,22 Jul 1999,193,174,16,MAGDEBURG,22 Jul 1999,184013,Birth,,
345,NA,NA,NA,NA,KREFELD Nov 2007,1838__,Transfer,,,
345,NA,NA,NA,NA,16,MAGDEBURG,26 Sep 2008,NA,Death,,
345,NA,NA,NA,NA,16,MAGDEBURG,NA,NA,[Death by Infection associated  Given to an institution VETINSTKR  Respiratory  Bacterial],,
346,M,23 Jul 1999,222,127,22,SAO PAULO,23 Jul 1999,24568,Birth,,
346,NA,NA,NA,NA,22,SAO PAULO,25 Jul 1999,NA,Death,,
346,NA,NA,NA,NA,22,SAO PAULO,NA,NA,[Death by Unknown means],,
347,F,23 Jul 1999,222,127,22,SAO PAULO,23 Jul 1999,24569,Birth,,
347,NA,NA,NA,NA,22,SAO PAULO,25 Jul 1999,NA,Death,,
347,NA,NA,NA,NA,22,SAO PAULO,NA,NA,[Death by Unknown means],,
348,F,16 Aug 1999,195,220,10,JERSEY,16 Aug 1999,M2556,Birth,TAVO,
348,NA,NA,NA,NA,16,MAGDEBURG,9 Sep 2008,184016,Transfer,,
349,F,16 Aug 1999,195,220,10,JERSEY,16 Aug 1999,M2557,Birth,TRIQUI,
350,?,19 Aug 1999,75,240,22,SAO PAULO,19 Aug 1999,24611,Birth,,
350,NA,NA,NA,NA,22,SAO PAULO,19 Aug 1999,NA,Death,,
350,NA,NA,NA,NA,22,SAO PAULO,NA,NA,[Death by Stillbirth  Unknown  Unknown (after necropsy)],,
351,F,14 Sep 1999,223,240,22,SAO PAULO,14 Sep 1999,24637,Birth,,
351,NA,NA,NA,NA,22,SAO PAULO,13 Mar 2002,NA,Death,,
351,NA,NA,NA,NA,22,SAO PAULO,NA,NA,[Death by Other /Unknown  Unknown  Generalized  Viral],,
352,F,30 Sep 1999,251,266,21,RIO PRIM,30 Sep 1999,1930,Birth,,
352,NA,NA,NA,NA,24,SAO CARLOS,10 Jun 2004,352,Transfer,,
353,M,11 Oct 1999,209,211,4,BRASILIA,11 Oct 1999,1719,Birth,tupi,
353,NA,NA,NA,NA,4,BRASILIA,2 Jul 2002,NA,Death,,
353,NA,NA,NA,NA,4,BRASILIA,NA,NA,[Death by Other /Unknown  Mounted or Preserved BRASILIA  Digestive  Trauma],,
354,F,11 Oct 1999,209,211,4,BRASILIA,11 Oct 1999,1720,Birth,CAJA,
354,NA,NA,NA,NA,22,SAO PAULO,24 Aug 2006,29312,Transfer,,
354,NA,NA,NA,NA,22,SAO PAULO,16 Nov 2008,NA,Death,,
354,NA,NA,NA,NA,22,SAO PAULO,NA,NA,[Death by Unknown means],,
355,F,15 Oct 1999,239,370,22,SAO PAULO,15 Oct 1999,24676,Birth,,
355,NA,NA,NA,NA,23,SOROCABA,10 Aug 2006,355,Transfer,,
355,NA,NA,NA,NA,23,SOROCABA,30 Jul 2012,NA,Death,,
355,NA,NA,NA,NA,23,SOROCABA,NA,NA,[Death by Unknown means],,
356,?,16 Oct 1999,268,278,22,SAO PAULO,16 Oct 1999,24678,Birth,,
356,NA,NA,NA,NA,22,SAO PAULO,16 Oct 1999,NA,Death,,
356,NA,NA,NA,NA,22,SAO PAULO,NA,NA,[Death by Stillbirth  Unknown  Unknown (after necropsy)],,
357,M,15 Nov 1999,71,280,21,RIO PRIM,15 Nov 1999,1933,Birth,,
357,NA,NA,NA,NA,14,M DIABO,15 Sep 2000,______,Release ,,
357,NA,NA,NA,NA,14,M DIABO,2001,NA,Death,,
357,NA,NA,NA,NA,14,M DIABO,NA,NA,[Death by Other /Unknown  Incinerate   Unknown (after necropsy)],,
358,M,7 Dec 1999,222,127,22,SAO PAULO,7 Dec 1999,24778,Birth,,
358,NA,NA,NA,NA,22,SAO PAULO,18 Feb 2005,NA,Death,,
358,NA,NA,NA,NA,22,SAO PAULO,NA,NA,[Death by Unknown means],,
359,?,15 Dec 1999,268,278,22,SAO PAULO,15 Dec 1999,24790,Birth,,
359,NA,NA,NA,NA,22,SAO PAULO,15 Dec 1999,NA,Death,,
359,NA,NA,NA,NA,22,SAO PAULO,NA,NA,[Death by Unknown means],,
360,?,15 Dec 1999,268,278,22,SAO PAULO,15 Dec 1999,24791,Birth,,
360,NA,NA,NA,NA,22,SAO PAULO,15 Dec 1999,NA,Death,,
360,NA,NA,NA,NA,22,SAO PAULO,NA,NA,[Death by Unknown means],,
363,F,11 Oct 2000,209,211,4,BRASILIA,11 Oct 2000,1769,Birth,LUANA,
363,NA,NA,NA,NA,4,BRASILIA,26 Jul 2011,NA,Death,,
363,NA,NA,NA,NA,4,BRASILIA,NA,NA,[Death by Unknown means],,
364,F,11 Oct 2000,209,211,4,BRASILIA,11 Oct 2000,1771,Birth,JAVIER,
364,NA,NA,NA,NA,4,BRASILIA,20 Feb 2004,NA,Death,,
364,NA,NA,NA,NA,4,BRASILIA,NA,NA,[Death by Infection associated  Mounted or Preserved  Digestive  Bacterial],,
365,M,8 Nov 2000,308,246,21,RIO PRIM,8 Nov 2000,1994,Birth,,
365,NA,NA,NA,NA,21,RIO PRIM,12 Jan 2001,NA,Death,,
365,NA,NA,NA,NA,21,RIO PRIM,NA,NA,[Death by Environ/Behav conditions  Unknown  Unknown (after necropsy)],,
366,F,8 Nov 2000,308,246,21,RIO PRIM,8 Nov 2000,1995,Birth,,
367,M,14 Nov 2000,71,280,21,RIO PRIM,14 Nov 2000,1996,Birth,,
367,NA,NA,NA,NA,21,RIO PRIM,7 Feb 2013,NA,Death,,
367,NA,NA,NA,NA,21,RIO PRIM,NA,NA,[Death by Other /Unknown  Unknown  Necropsy done(no info)  Unknown after necropsy  Necropsy not received],,
368,M,14 Nov 2000,71,280,21,RIO PRIM,14 Nov 2000,1997,Birth,,
368,NA,NA,NA,NA,21,RIO PRIM,27 Oct 2002,NA,Death,,
368,NA,NA,NA,NA,21,RIO PRIM,NA,NA,[Death by Unknown means],,
369,M,22 Sep 1997,96,91,22,SAO PAULO,22 Sep 1997,23445,Birth,,
369,NA,NA,NA,NA,22,SAO PAULO,6 Dec 2004,NA,Death,,
369,NA,NA,NA,NA,22,SAO PAULO,NA,NA,[Death by Other /Unknown  Unknown  Musculoskeletal  Trauma],,
370,F,16 Dec 1997,96,91,22,SAO PAULO,16 Dec 1997,23446,Birth,,
370,NA,NA,NA,NA,22,SAO PAULO,28 Nov 2002,NA,Death,,
370,NA,NA,NA,NA,22,SAO PAULO,NA,NA,[Death by Infection associated  Unknown Reproductive  Bacterial],,
371,M,17 Dec 1998,195,220,10,JERSEY,17 Dec 1998,M2459,Birth,ELMO,
371,NA,NA,NA,NA,10,JERSEY,3 Jul 2009,NA,Death,,
371,NA,NA,NA,NA,10,JERSEY,NA,NA,[Death by Anesth/Restraint assoc  Unknown  Necropsy planned later  Unknown after necropsy],,
372,M,17 Dec 1998,195,220,10,JERSEY,17 Dec 1998,M2459,Birth,ELMO,
372,NA,NA,NA,NA,10,JERSEY,2004,NA,Death,,
372,NA,NA,NA,NA,10,JERSEY,NA,NA,[Death by Unknown means],,
373,F,18 Oct 1999,239,370,22,SAO PAULO,18 Oct 1999,24676,Birth,,
373,NA,NA,NA,NA,22,SAO PAULO,18 Oct 1999,NA,Death,,
373,NA,NA,NA,NA,22,SAO PAULO,NA,NA,[Death by Unknown means],,
374,M,15 Oct 1999,239,370,22,SAO PAULO,15 Oct 1999,24677,Birth,,
374,NA,NA,NA,NA,22,SAO PAULO,11 Mar 2004,NA,Death,,
374,NA,NA,NA,NA,22,SAO PAULO,NA,NA,[Death by Other /Unknown  Unknown  Generalized  Toxicity],,
375,F,16 May 2000,219,217,3,BELFAST,16 May 2000,3802,Birth,,
375,NA,NA,NA,NA,3,BELFAST,7 Oct 2008,NA,Death,,
375,NA,NA,NA,NA,3,BELFAST,NA,NA,[Death by Euthanasia (medical)  Given to an institution  Unknown (after necropsy)],,
376,?,27 Sep 2000,223,240,22,SAO PAULO,27 Sep 2000,25181,Birth,,
376,NA,NA,NA,NA,22,SAO PAULO,27 Sep 2000,NA,Death,,
376,NA,NA,NA,NA,22,SAO PAULO,NA,NA,[Death by Stillbirth  Unknown  No necropsy planned],,
377,M,1 Oct 2000,75,171,22,SAO PAULO,1 Oct 2000,25200,Birth,,
377,NA,NA,NA,NA,4,BRASILIA,31 Aug 2006,377,Transfer,,
377,NA,NA,NA,NA,4,BRASILIA,15 May 2009,NA,Death,,
377,NA,NA,NA,NA,4,BRASILIA,NA,NA,[Death by Unknown means],,
378,M,27 Dec 2000,222,127,22,SAO PAULO,27 Dec 2000,25350,Birth,,
378,NA,NA,NA,NA,22,SAO PAULO,28 Dec 2000,NA,Death,,
378,NA,NA,NA,NA,22,SAO PAULO,NA,NA,[Death by Unknown means],,
379,M,27 Dec 2000,222,127,22,SAO PAULO,27 Dec 2000,25351,Birth,,
379,NA,NA,NA,NA,4,BRASILIA,18 Aug 2003,379,Transfer,,
379,NA,NA,NA,NA,4,BRASILIA,14 Feb 2004,NA,Death,,
379,NA,NA,NA,NA,4,BRASILIA,NA,NA,[Death by Infection associated  Mounted or Preserved BRASILIA  Digestive  Bacterial],,
380,?,14 Mar 2001,215,254,3,BELFAST,14 Mar 2001,3968,Birth,,
380,NA,NA,NA,NA,3,BELFAST,18 Mar 2001,NA,Death,,
380,NA,NA,NA,NA,3,BELFAST,NA,NA,[Death by Unknown means],,
381,?,24 Jul 2001,215,254,3,BELFAST,24 Jul 2001,4090,Birth,,
381,NA,NA,NA,NA,3,BELFAST,27 Jul 2001,NA,Death,,
381,NA,NA,NA,NA,3,BELFAST,NA,NA,[Death by Unknown means],,
382,M,24 Aug 2001,222,127,22,SAO PAULO,24 Aug 2001,26110,Birth,,
382,NA,NA,NA,NA,22,SAO PAULO,24 Aug 2001,NA,Death,,
382,NA,NA,NA,NA,22,SAO PAULO,NA,NA,[Death by Stillbirth  Unknown  Generalized Circulatory, secondary],
383,F,24 Aug 2001,222,127,22,SAO PAULO,24 Aug 2001,26111,Birth,,
383,NA,NA,NA,NA,22,SAO PAULO,24 Aug 2001,NA,Death,,
383,NA,NA,NA,NA,22,SAO PAULO,NA,NA,[Death by Stillbirth  Unknown  Generalized Circulatory, secondary],
384,M,31 Oct 2001,308,337,21,RIO PRIM,31 Oct 2001,2034,Birth,,
385,M,31 Oct 2001,308,337,21,RIO PRIM,31 Oct 2001,2035,Birth,,
385,NA,NA,NA,NA,22,SAO PAULO,14 Feb 2008,29697,Transfer,,
386,M,31 Oct 2001,71,280,21,RIO PRIM,31 Oct 2001,2037,Birth,,
386,NA,NA,NA,NA,24,SAO CARLOS,16 Jan 2008,F399,Transfer,,
387,M,31 Oct 2001,71,280,21,RIO PRIM,31 Oct 2001,2038,Birth,,
388,?,28 Dec 2001,215,254,3,BELFAST,28 Dec 2001,4153,Birth,,
388,NA,NA,NA,NA,3,BELFAST,29 Dec 2001,NA,Death,,
388,NA,NA,NA,NA,3,BELFAST,NA,NA,[Death by Injury from exhibit mate  Incinerate   Unknown (after necropsy)],,
389,M,1 Jan 2002,UNK,127,22,SAO PAULO,1 Jan 2002,27081,Birth,,
389,NA,NA,NA,NA,22,SAO PAULO,1 Jan 2002,NA,Death,,
389,NA,NA,NA,NA,22,SAO PAULO,NA,NA,[Death by Other /Unknown  Unknown  Generalized  Nutrition],,
390,M,1 Jan 2002,UNK,127,22,SAO PAULO,1 Jan 2002,27082,Birth,,
390,NA,NA,NA,NA,22,SAO PAULO,2 Jan 2002,NA,Death,,
390,NA,NA,NA,NA,22,SAO PAULO,NA,NA,[Death by Other /Unknown  Unknown  Generalized  Trauma],,
391,M,12 Jan 2002,239,370,22,SAO PAULO,12 Jan 2002,27097,Birth,,
391,NA,NA,NA,NA,24,SAO CARLOS,16 Mar 2004,391,Transfer,,
392,M,12 Jan 2002,239,370,22,SAO PAULO,12 Jan 2002,27098,Birth,,
393,?,5 Feb 2002,106,UNK,10,JERSEY,5 Feb 2002,______,Birth,,
393,NA,NA,NA,NA,10,JERSEY,5 Feb 2002,NA,Death,,
393,NA,NA,NA,NA,10,JERSEY,NA,NA,[Death by Unknown means],,
394,F,27 Feb 2002,195,220,10,JERSEY,27 Feb 2002,______,Birth,,
394,NA,NA,NA,NA,10,JERSEY,7 Apr 2002,NA,Death,,
394,NA,NA,NA,NA,10,JERSEY,NA,NA,[Death by Unknown means],,
395,M,2 Jun 2002,215,254,3,BELFAST,2 Jun 2002,5021,Birth,,
395,NA,NA,NA,NA,3,BELFAST,3 Jun 2002,NA,Death,,
395,NA,NA,NA,NA,3,BELFAST,NA,NA,[Death by Other /Unknown  Unknown  Respiratory  Mechanical abnormality],,
396,?,2 Jun 2002,215,254,3,BELFAST,2 Jun 2002,5022,Birth,,
396,NA,NA,NA,NA,3,BELFAST,4 Jun 2002,NA,Death,,
396,NA,NA,NA,NA,3,BELFAST,NA,NA,[Death by Unknown means],,
397,F,19 Aug 2002,195,220,10,JERSEY,19 Aug 2002,M2771,Birth,BERTHA,
397,NA,NA,NA,NA,8,CHESTER,22 Sep 2008,C08579,Transfer,,
397,NA,NA,NA,NA,10,JERSEY,26 Feb 2014,M2771,Loan to ,,
398,F,19 Aug 2002,195,220,10,JERSEY,19 Aug 2002,M2772,Birth,ERNIE,
399,F,19 Sep 2002,308,337,21,RIO PRIM,19 Sep 2002,2078,Birth,,
399,NA,NA,NA,NA,24,SAO CARLOS,10 Jun 2004,F399,Transfer,,
400,F,19 Sep 2002,308,337,21,RIO PRIM,19 Sep 2002,2079,Birth,,
401,?,4 Oct 2002,207,240,22,SAO PAULO,4 Oct 2002,27764,Birth,,
401,NA,NA,NA,NA,22,SAO PAULO,25 Feb 2011,NA,Death,,
401,NA,NA,NA,NA,22,SAO PAULO,NA,NA,[Death by Stillbirth  Unknown  No necropsy planned],,
402,?,4 Oct 2002,207,240,22,SAO PAULO,4 Oct 2002,27765,Birth,,
402,NA,NA,NA,NA,22,SAO PAULO,4 Oct 2002,NA,Death,,
402,NA,NA,NA,NA,22,SAO PAULO,NA,NA,[Death by Stillbirth  Unknown  No necropsy planned],,
403,?,30 Oct 2002,264,330,21,RIO PRIM,30 Oct 2002,2092,Birth,,
403,NA,NA,NA,NA,21,RIO PRIM,30 Oct 2002,NA,Death,,
403,NA,NA,NA,NA,21,RIO PRIM,NA,NA,[Death by Stillbirth  Mounted or Preserved RIO PRIM  No necropsy planned],,
404,?,4 Nov 2002,215,254,3,BELFAST,4 Nov 2002,5095,Birth,,
404,NA,NA,NA,NA,3,BELFAST,5 Nov 2002,NA,Death,,
404,NA,NA,NA,NA,3,BELFAST,NA,NA,[Death by Unknown means],,
405,?,4 Nov 2002,215,254,3,BELFAST,4 Nov 2002,5096,Birth,,
405,NA,NA,NA,NA,3,BELFAST,6 Nov 2002,NA,Death,,
405,NA,NA,NA,NA,3,BELFAST,NA,NA,[Death by Unknown means],,
406,?,5 Dec 2002,268,278,22,SAO PAULO,5 Dec 2002,27870,Birth,,
406,NA,NA,NA,NA,22,SAO PAULO,5 Dec 2002,NA,Death,,
406,NA,NA,NA,NA,22,SAO PAULO,NA,NA,[Death by Stillbirth  Unknown  No necropsy planned],,
407,?,18 Feb 2003,308,337,21,RIO PRIM,18 Feb 2003,2108,Birth,,
407,NA,NA,NA,NA,21,RIO PRIM,30 Apr 2003,NA,Death,,
407,NA,NA,NA,NA,21,RIO PRIM,NA,NA,[Death by Unknown means],,
408,F,18 Feb 2003,308,337,21,RIO PRIM,18 Feb 2003,2109,Birth,,
409,M,2 Mar 2003,195,220,10,JERSEY,2 Mar 2003,M2802,Birth,FLUFFY,
409,NA,NA,NA,NA,10,JERSEY,15 Apr 2013,NA,Death,,
409,NA,NA,NA,NA,10,JERSEY,NA,NA,[Death by Euthanasia (medical)  Mounted or Preserved  Generalized  Unknown after necropsy  Necropsy received],,
410,M,6 Aug 2003,195,220,10,JERSEY,6 Aug 2003,M2820,Birth,LENNY,
411,M,17 Sep 2003,293,301,21,RIO PRIM,17 Sep 2003,2120,Birth,,
411,NA,NA,NA,NA,21,RIO PRIM,2006,NA,Death,,
411,NA,NA,NA,NA,21,RIO PRIM,NA,NA,[Death by Unknown means],,
412,M,17 Sep 2003,293,301,21,RIO PRIM,17 Sep 2003,2121,Birth,,
412,NA,NA,NA,NA,22,SAO PAULO,29 Jul 2008,29791,Transfer,,
413,M,3 Jan 2004,292,198,1,ADELAIDE,3 Jan 2004,A40016,Birth,,
413,NA,NA,NA,NA,1,ADELAIDE,3 Jan 2004,NA,Death,,
413,NA,NA,NA,NA,1,ADELAIDE,NA,NA,[Death by Stillbirth  Mounted or Preserved ADELAIDE  No necropsy planned],,
414,F,3 Jan 2004,292,198,1,ADELAIDE,3 Jan 2004,A40017,Birth,,
414,NA,NA,NA,NA,1,ADELAIDE,3 Jan 2004,NA,Death,,
414,NA,NA,NA,NA,1,ADELAIDE,NA,NA,[Death by Stillbirth  Mounted or Preserved ADELAIDE  No necropsy planned],,
415,F,3 Jan 2004,292,198,1,ADELAIDE,3 Jan 2004,A40018,Birth,,
415,NA,NA,NA,NA,1,ADELAIDE,3 Jan 2004,NA,Death,,
415,NA,NA,NA,NA,1,ADELAIDE,NA,NA,[Death by Stillbirth  Mounted or Preserved ADELAIDE  No necropsy planned],,
416,F,3 Feb 2004,358,211,22,SAO PAULO,3 Feb 2004,28407,Birth,,
416,NA,NA,NA,NA,22,SAO PAULO,3 Feb 2004,NA,Death,,
416,NA,NA,NA,NA,22,SAO PAULO,NA,NA,[Death by Stillbirth  Unknown  Unknown (after necropsy)],,
417,?,3 Feb 2004,358,211,22,SAO PAULO,3 Feb 2004,28408,Birth,,
417,NA,NA,NA,NA,22,SAO PAULO,3 Feb 2004,NA,Death,,
417,NA,NA,NA,NA,22,SAO PAULO,NA,NA,[Death by Stillbirth  Unknown  Unknown (after necropsy)],,
418,F,10 Feb 2004,195,220,10,JERSEY,10 Feb 2004,M2844,Birth,GIRL,
418,NA,NA,NA,NA,10,JERSEY,13 Feb 2004,NA,Death,,
418,NA,NA,NA,NA,10,JERSEY,NA,NA,[Death by Other /Unknown  Unknown  Necropsy planned later],,
419,M,10 Feb 2004,195,220,10,JERSEY,10 Feb 2004,M2845,Birth,RUNT,
419,NA,NA,NA,NA,13,LISBON,27 Jun 2007,10169,Transfer,,
419,NA,NA,NA,NA,10,JERSEY,26 Nov 2013,M2845,Transfer,,
420,M,10 Feb 2004,195,220,10,JERSEY,10 Feb 2004,M2846,Birth,BIG BOY,
420,NA,NA,NA,NA,16,MAGDEBURG,7 Sep 2007,184015,Transfer,,
420,NA,NA,NA,NA,12,LA PALMYR,5 Nov 2008,4888,Transfer,,
420,NA,NA,NA,NA,12,LA PALMYR,2 Mar 2013,NA,Death,,
420,NA,NA,NA,NA,12,LA PALMYR,NA,NA,[Death by Other /Unknown  Unknown  Necropsy done(no info)  Unknown after necropsy  Necropsy received],,
421,F,4 Oct 2004,293,301,21,RIO PRIM,4 Oct 2004,2154,Birth,,
421,NA,NA,NA,NA,22,SAO PAULO,27 Sep 2006,29348,Transfer,,
422,F,4 Oct 2004,293,301,21,RIO PRIM,4 Oct 2004,2155,Birth,,
422,NA,NA,NA,NA,22,SAO PAULO,19 Dec 2012,30899,Transfer,,
423,M,1997,WILD,WILD,23,SOROCABA,1 Nov 2003,0,Transfer,,
423,NA,NA,NA,NA,31 Jul 2011,NA,Death,,,
423,NA,NA,NA,NA,23,SOROCABA,NA,NA,[Death by Unknown means],,
424,M,14 Dec 2005,312,408,21,RIO PRIM,14 Dec 2005,2232,Birth,,
425,M,27 Sep 2006,312,408,21,RIO PRIM,27 Sep 2006,2266,Birth,,
426,M,27 Sep 2006,312,408,21,RIO PRIM,27 Sep 2006,2265,Birth,,
426,NA,NA,NA,NA,21,RIO PRIM,29 Sep 2006,NA,Death,,
426,NA,NA,NA,NA,21,RIO PRIM,NA,NA,[Death by Environ/Behav conditions  Mounted or Preserved RIO PRIM 1648  No necropsy planned],,
427,M,13 Feb 2007,312,408,21,RIO PRIM,13 Feb 2007,2288,Birth,,
428,M,13 Feb 2007,312,408,21,RIO PRIM,13 Feb 2007,2289,Birth,,
429,M,17 May 2010,409,306,10,JERSEY,17 May 2010,M3108,Birth,,
429,NA,NA,NA,NA,10,JERSEY,17 May 2010,NA,Death,,
429,NA,NA,NA,NA,10,JERSEY,NA,NA,[Death by Stillbirth  Unknown  Necropsy planned later  Unknown after necropsy],,
430,F,????,WILD,WILD,BURI/SP ?,2007,????,Capture,KINHA,
430,NA,NA,NA,NA,22,SAO PAULO,1 Oct 2007,29597,Transfer,,
431,M,26 Oct 2007,312,408,21,RIO PRIM,26 Oct 2007,2311,Birth,,
432,F,11 Apr 2007,263,421,22,SAO PAULO,11 Apr 2007,29450,Birth,,
433,M,26 Oct 2007,312,408,21,RIO PRIM,26 Oct 2007,2310,Birth,,
433,NA,NA,NA,NA,21,RIO PRIM,9 Jan 2008,NA,Death,,
433,NA,NA,NA,NA,21,RIO PRIM,NA,NA,[Death by Other /Unknown  Unknown  Necropsy done(no info)  Unknown after necropsy  Necropsy not received],,
436,F,29 Sep 2008,312,408,21,RIO PRIM,29 Sep 2008,2356,Birth,,
437,M,27 Oct 2008,412,400,21,RIO PRIM,27 Oct 2008,2383,Birth,,
438,?,9 Jan 1997,195,220,10,JERSEY,9 Jan 1997,M2307,Birth,,
438,NA,NA,NA,NA,10,JERSEY,9 Jan 1997,NA,Death,,
438,NA,NA,NA,NA,10,JERSEY,NA,NA,[Death by Other /Unknown  Incinerate  Hemic/Lymph Trauma],,
439,F,11 Feb 1997,106,125,10,JERSEY,11 Feb 1997,M2321,Birth,,
439,NA,NA,NA,NA,10,JERSEY,13 Feb 1997,NA,Death,,
439,NA,NA,NA,NA,10,JERSEY,NA,NA,[Death by Unknown means],,
440,?,18 May 1997,193,174,16,MAGDEBURG,18 May 1997,184008,Birth,,
440,NA,NA,NA,NA,16,MAGDEBURG,19 May 1997,NA,Death,,
440,NA,NA,NA,NA,16,MAGDEBURG,NA,NA,[Death by Environ/Behav conditions  Unknown  No necropsy planned],,
441,F,????,WILD,WILD,25,UNKNOWN,????,NONE,Capture,,
441,NA,NA,NA,NA,18,PRIVATE,1 Aug 1998,______,Transfer,,
441,NA,NA,NA,NA,23,SOROCABA,2 Aug 1998,DV0004,Transfer,,
441,NA,NA,NA,NA,23,SOROCABA,23 Feb 1999,NA,Death,,
441,NA,NA,NA,NA,23,SOROCABA,NA,NA,[Death by Infection associated  Mounted or Preserved  No necropsy planned],,
442,?,30 Mar 1998,195,220,10,JERSEY,30 Mar 1998,M2425,Birth,,
442,NA,NA,NA,NA,10,JERSEY,30 Mar 1998,NA,Death,,
442,NA,NA,NA,NA,10,JERSEY,NA,NA,[Death by Unknown means],,
443,?,30 Mar 1998,195,220,10,JERSEY,30 Mar 1998,M2426,Birth,,
443,NA,NA,NA,NA,10,JERSEY,30 Mar 1998,NA,Death,,
443,NA,NA,NA,NA,10,JERSEY,NA,NA,[Death by Unknown means],,
444,?,29 Sep 1998,84,105,10,JERSEY,29 Sep 1998,M2471,Birth,,
444,NA,NA,NA,NA,10,JERSEY,29 Sep 1998,NA,Death,,
444,NA,NA,NA,NA,10,JERSEY,NA,NA,[Death by Stillbirth  Unknown  Unknown (after necropsy)],,
445,?,29 Sep 1998,84,105,10,JERSEY,29 Sep 1998,M2472,Birth,,
445,NA,NA,NA,NA,10,JERSEY,29 Sep 1998,NA,Death,,
445,NA,NA,NA,NA,10,JERSEY,NA,NA,[Death by Stillbirth  Unknown  Unknown (after necropsy)],,
446,?,16 May 2000,219,217,3,BELFAST,16 May 2000,3803,Birth,,
446,NA,NA,NA,NA,3,BELFAST,16 May 2000,NA,Death,,
446,NA,NA,NA,NA,3,BELFAST,NA,NA,[Death by Injury from exhibit mate  Unknown  Unknown (after necropsy)],,
447,?,13 Sep 2002,292,198,1,ADELAIDE,13 Sep 2002,A20872,Birth,,
447,NA,NA,NA,NA,1,ADELAIDE,13 Sep 2002,NA,Death,,
447,NA,NA,NA,NA,1,ADELAIDE,NA,NA,[Death by Unknown means],,
448,?,21 Jan 2003,292,198,1,ADELAIDE,21 Jan 2003,A30890,Birth,,
448,NA,NA,NA,NA,1,ADELAIDE,13 Sep 2003,NA,Death,,
448,NA,NA,NA,NA,1,ADELAIDE,NA,NA,[Death by Unknown means],,
449,?,2 Mar 2003,195,220,10,JERSEY,2 Mar 2003,M2803,Birth,,
449,NA,NA,NA,NA,10,JERSEY,7 Mar 2003,NA,Death,,
449,NA,NA,NA,NA,10,JERSEY,NA,NA,[Death by Unknown means],,
450,F,2 Mar 2003,195,220,10,JERSEY,2 Mar 2003,M2804,Birth,,
450,NA,NA,NA,NA,10,JERSEY,7 Mar 2003,NA,Death,,
450,NA,NA,NA,NA,10,JERSEY,NA,NA,[Death by Unknown means],,
451,M,6 Aug 2003,195,220,10,JERSEY,6 Aug 2003,M2821,Birth,,
451,NA,NA,NA,NA,10,JERSEY,10 Aug 2003,NA,Death,,
451,NA,NA,NA,NA,10,JERSEY,NA,NA,[Death by Unknown means],,
452,F,6 Aug 2003,195,220,10,JERSEY,6 Aug 2003,M2822,Birth,,
452,NA,NA,NA,NA,10,JERSEY,16 Aug 2003,NA,Death,,
452,NA,NA,NA,NA,10,JERSEY,NA,NA,[Death by Unknown means],,
453,F,26 Dec 2004,215,254,3,BELFAST,26 Dec 2004,5436,Birth,,
453,NA,NA,NA,NA,3,BELFAST,26 Dec 2004,NA,Death,,
453,NA,NA,NA,NA,3,BELFAST,NA,NA,[Death by Unknown means],,
454,F,30 Mar 2007,332,375,3,BELFAST,30 Mar 2007,5665,Birth,,
454,NA,NA,NA,NA,3,BELFAST,30 Mar 2007,NA,Death,,
454,NA,NA,NA,NA,3,BELFAST,NA,NA,[Death by Stillbirth  Mounted or Preserved  Unknown (after necropsy)],,
455,M,3 Sep 2007,332,375,3,BELFAST,3 Sep 2007,5740,Birth,,
455,NA,NA,NA,NA,3,BELFAST,3 Sep 2007,NA,Death,,
455,NA,NA,NA,NA,3,BELFAST,NA,NA,[Death by Unknown means],,
456,M,3 Sep 2007,332,375,3,BELFAST,3 Sep 2007,5741,Birth,,
456,NA,NA,NA,NA,3,BELFAST,3 Sep 2007,NA,Death,,
456,NA,NA,NA,NA,3,BELFAST,NA,NA,[Death by Unknown means],,
457,M,9 Jan 2008,263,421,22,SAO PAULO,9 Jan 2008,29652,Birth,,
458,F,9 Jan 2008,263,421,22,SAO PAULO,9 Jan 2008,29653,Birth,,
459,M,7 Jul 2008,333,345,11,KREFELD,7 Jul 2008,1893,Birth,,
459,NA,NA,NA,NA,11,KREFELD,7 Jul 2008,NA,Death,,
459,NA,NA,NA,NA,11,KREFELD,NA,NA,[Death by Stillbirth  Unknown  Unknown (after necropsy)],,
460,M,7 Jul 2008,333,345,11,KREFELD,7 Jul 2008,1894,Birth,,
460,NA,NA,NA,NA,11,KREFELD,7 Jul 2008,NA,Death,,
460,NA,NA,NA,NA,11,KREFELD,NA,NA,[Death by Stillbirth  Unknown  Unknown (after necropsy)],,
461,?,21 Jul 2008,371,306,10,JERSEY,21 Jul 2008,M3021,Birth,,
461,NA,NA,NA,NA,10,JERSEY,21 Jul 2008,NA,Death,,
461,NA,NA,NA,NA,10,JERSEY,NA,NA,[Death by Stillbirth  Unknown  Necropsy planned later  Unknown after necropsy],,
462,F,13 Apr 2009,371,306,10,JERSEY,13 Apr 2009,M3050,Birth,,
462,NA,NA,NA,NA,10,JERSEY,13 Apr 2009,NA,Death,,
462,NA,NA,NA,NA,10,JERSEY,NA,NA,[Death by Stillbirth  Unknown  Necropsy planned later  Unknown after necropsy],,
463,?,26 Apr 2009,256,302,10,JERSEY,26 Apr 2009,M3052,Birth,,
463,NA,NA,NA,NA,10,JERSEY,26 Apr 2009,NA,Death,,
463,NA,NA,NA,NA,10,JERSEY,NA,NA,[Death by Premature birth  Unknown  Necropsy planned later  Unknown after necropsy],,
464,M,????,WILD,WILD,MORRO DO,????,NONE,Capture,OMERINHO,
464,NA,NA,NA,NA,22,SAO PAULO,15 Jul 2010,30154,Transfer,,
465,M,17 May 2010,409,306,10,JERSEY,17 May 2010,M3108,Birth,,
465,NA,NA,NA,NA,10,JERSEY,17 May 2010,NA,Death,,
465,NA,NA,NA,NA,10,JERSEY,NA,NA,[Death by Stillbirth  Unknown  Necropsy planned later  Unknown after necropsy],,
466,F,17 Sep 2010,412,430,22,SAO PAULO,17 Sep 2010,30167,Birth,,
466,NA,NA,NA,NA,22,SAO PAULO,26 Dec 2011,NA,Death,,
466,NA,NA,NA,NA,22,SAO PAULO,NA,NA,[Death by Died in transit  Unknown  Necropsy planned later  Mechanical abnormality],,
467,F,17 Sep 2010,412,430,22,SAO PAULO,17 Sep 2010,30168,Birth,,
468,M,22 Mar 2011,409,306,10,JERSEY,22 Mar 2011,M3144,Birth,FRANCISCO,
469,M,13 Aug 2011,464,432,22,SAO PAULO,13 Aug 2011,30497,Birth,,
469,NA,NA,NA,NA,22,SAO PAULO,19 Sep 2012,NA,Death,,
469,NA,NA,NA,NA,22,SAO PAULO,NA,NA,[Death by Unknown means],,
470,M,13 Aug 2011,464,432,22,SAO PAULO,13 Aug 2011,30498,Birth,,
471,M,20 Sep 2011,412,430,22,SAO PAULO,20 Sep 2011,30518,Birth,,
472,M,30 Jan 2012,412,430,22,SAO PAULO,30 Jan 2012,30595,Birth,,
473,M,31 Jan 2012,412,430,22,SAO PAULO,31 Jan 2012,30596,Birth,,
474,M,26 Apr 2012,332,398,10,JERSEY,26 Apr 2012,M3198,Birth,,
474,NA,NA,NA,NA,10,JERSEY,26 Apr 2012,NA,Death,,
474,NA,NA,NA,NA,10,JERSEY,NA,NA,[Death by Stillbirth  Unknown  Necropsy planned later  Unknown after necropsy],,
475,M,26 Apr 2012,332,398,10,JERSEY,26 Apr 2012,M3199,Birth,,
475,NA,NA,NA,NA,10,JERSEY,26 Apr 2012,NA,Death,,
475,NA,NA,NA,NA,10,JERSEY,NA,NA,[Death by Stillbirth  Unknown  Necropsy planned later  Unknown after necropsy],,
476,M,9 Feb 2009,312,408,21,RIO PRIM,9 Feb 2009,2406,Birth,,
476,NA,NA,NA,NA,21,RIO PRIM,11 Dec 2009,NA,Death,,
476,NA,NA,NA,NA,21,RIO PRIM,NA,NA,[Death by Unknown means],,
477,M,9 Feb 2009,312,408,21,RIO PRIM,9 Feb 2009,2407,Birth,,
477,NA,NA,NA,NA,21,RIO PRIM,18 Oct 2010,NA,Death,,
477,NA,NA,NA,NA,21,RIO PRIM,NA,NA,[Death by Unknown means],,
478,M,1 Jan 2010,387,400,21,RIO PRIM,1 Jan 2010,2461,Birth,,
478,NA,NA,NA,NA,21,RIO PRIM,8 Sep 2010,NA,Death,,
478,NA,NA,NA,NA,21,RIO PRIM,NA,NA,[Death by Unknown means],,
479,F,1 Jan 2010,387,400,21,RIO PRIM,1 Jan 2010,2462,Birth,,
479,NA,NA,NA,NA,21,RIO PRIM,8 Mar 2011,NA,Death,,
479,NA,NA,NA,NA,21,RIO PRIM,NA,NA,[Death by Unknown means],,
480,M,1 Jan 2010,312,408,21,RIO PRIM,1 Jan 2010,2463,Birth,,
480,NA,NA,NA,NA,21,RIO PRIM,12 Apr 2010,NA,Death,,
480,NA,NA,NA,NA,21,RIO PRIM,NA,NA,[Death by Unknown means],,
481,F,1 Jan 2010,312,408,21,RIO PRIM,1 Jan 2010,2464,Birth,,
482,M,18 Oct 2010,312,408,21,RIO PRIM,18 Oct 2010,2534,Birth,,
482,NA,NA,NA,NA,21,RIO PRIM,24 Apr 2011,NA,Death,,
482,NA,NA,NA,NA,21,RIO PRIM,NA,NA,[Death by Unknown means],,
483,M,18 Oct 2010,312,408,21,RIO PRIM,18 Oct 2010,2535,Birth,,
483,NA,NA,NA,NA,21,RIO PRIM,20 Dec 2010,NA,Death,,
483,NA,NA,NA,NA,21,RIO PRIM,NA,NA,[Death by Unknown means],,
484,M,25 Feb 2011,387,400,21,RIO PRIM,25 Feb 2011,2557,Birth,,
484,NA,NA,NA,NA,21,RIO PRIM,29 May 2011,NA,Death,,
484,NA,NA,NA,NA,21,RIO PRIM,NA,NA,[Death by Unknown means],,
485,F,25 Feb 2011,387,400,21,RIO PRIM,25 Feb 2011,2558,Birth,,
485,NA,NA,NA,NA,21,RIO PRIM,26 Jun 2011,NA,Death,,
485,NA,NA,NA,NA,21,RIO PRIM,NA,NA,[Death by Unknown means],,
486,M,2 Oct 2011,312,408,21,RIO PRIM,2 Oct 2011,2571,Birth,,
487,F,2 Oct 2011,312,408,21,RIO PRIM,2 Oct 2011,2572,Birth,,
488,M,2 Oct 2011,387,400,21,RIO PRIM,2 Oct 2011,2574,Birth,,
489,?,2 Nov 2011,387,400,21,RIO PRIM,2 Nov 2011,2575,Birth,,
489,NA,NA,NA,NA,21,RIO PRIM,10 Nov 2011,NA,Death,,
489,NA,NA,NA,NA,21,RIO PRIM,NA,NA,[Death by Unknown means],,
490,F,8 Oct 2012,312,408,21,RIO PRIM,8 Oct 2012,2604,Birth,,
490,NA,NA,NA,NA,21,RIO PRIM,9 Oct 2012,NA,Death,,
490,NA,NA,NA,NA,21,RIO PRIM,NA,NA,[Death by Unknown means],,
491,M,10 Sep 2012,412,430,22,SAO PAULO,10 Sep 2012,30774,Birth,,
492,M,10 Sep 2012,412,430,22,SAO PAULO,10 Sep 2012,30775,Birth,,
493,F,13 Aug 2013,412,430,22,SAO PAULO,13 Aug 2013,31024,Birth,,
493,NA,NA,NA,NA,22,SAO PAULO,20 Aug 2013,NA,Death,,
493,NA,NA,NA,NA,22,SAO PAULO,NA,NA,[Death by Unknown means],,
494,F,13 Aug 2013,412,430,22,SAO PAULO,13 Aug 2013,31025,Birth,,
494,NA,NA,NA,NA,22,SAO PAULO,22 Aug 2013,NA,Death,,
494,NA,NA,NA,NA,22,SAO PAULO,NA,NA,[Death by Other /Unknown  Unknown  Necropsy done(no info)  Unknown after necropsy  Necropsy not received],,
495,F,13 Aug 2013,412,430,22,SAO PAULO,13 Aug 2013,31026,Birth,,
496,F,26 Dec 2013,412,430,22,SAO PAULO,26 Dec 2013,31075,Birth,,
497,?,26 Dec 2013,412,430,22,SAO PAULO,26 Dec 2013,31076,Birth,,
498,M,2 Nov 2012,332,398,10,JERSEY,2 Nov 2012,M3215,Birth,,
498,NA,NA,NA,NA,10,JERSEY,2 Nov 2012,NA,Death,,
498,NA,NA,NA,NA,10,JERSEY,NA,NA,[Death by Other /Unknown  Mounted or Preserved  Necropsy done(no info)  Unknown after necropsy  Necropsy received],,
499,?,25 Sep 2013,312,408,21,RIO PRIM,25 Sep 2013,2894,Birth,,
499,NA,NA,NA,NA,21,RIO PRIM,2 Oct 2013,NA,Death,,
499,NA,NA,NA,NA,21,RIO PRIM,NA,NA,[Death by Injury from exhibit mate  Unknown  Necropsy planned later  Unknown after necropsy  Necropsy not received],,
500,?,9 Oct 2010,386,399,24,SAO CARLOS,9 Oct 2010,?????,Birth,,
500,NA,NA,NA,NA,24,SAO CARLOS,6 Mar 2013,NA,Death,,
500,NA,NA,NA,NA,24,SAO CARLOS,NA,NA,[Death by Other /Unknown  Unknown  Necropsy done(no info)  Unknown after necropsy  Necropsy not received],,
501,?,11 Mar 2013,386,399,24,SAO CARLOS,11 Mar 2013,????,Birth,,
502,F,26 Dec 2013,412,430,22,SAO PAULO,26 Dec 2013,31074,Birth,,
